M,zeta,dt,dkx,returncode,kxmax
0.11601553017399716,0.1,0.00078125,0.00023561944901923454,1,3.2044245066615886
0.13459603241553642,0.1,0.00078125,0.00023561944901923454,1,3.2044245066615886
0.15615230060004973,0.1,0.00078125,0.00023561944901923454,1,3.2044245066615886
0.18116091942004142,0.1,0.00078125,0.00047123889803846907,1,3.5814156250923634
0.1,0.1,0.00078125,0.00047123889803846907,1,3.5814156250923634
0.21017480113324882,0.1,0.00078125,0.00047123889803846907,1,3.5814156250923634
0.2438354098268829,0.1,0.00078125,0.00047123889803846907,1,3.5814156250923634
0.28288694346259696,0.1,0.00078125,0.00047123889803846907,1,3.5814156250923634
0.3281927872511474,0.1,0.00078125,0.00047123889803846907,1,3.5814156250923634
0.3807546021222372,0.1,0.00078125,0.00047123889803846907,1,3.5814156250923634
0.4417344703140069,0.1,0.00078125,0.00047123889803846907,1,3.5814156250923634
0.5124805876960934,0.1,0.00078125,0.0009424777960769381,1,3.769911184307751
0.5945570708544391,0.1,0.00078125,0.00047123889803846907,1,3.5814156250923634
0.6897785379387658,0.1,4.8828125e-5,0.0009424777960769381,1,0.9424777960769382
0.8002502278161051,0.1,4.8828125e-5,0.0009424777960769381,1,0.9424777960769382
0.9284145445194745,0.1,4.8828125e-5,0.0009424777960769381,1,0.9424777960769382
1.0771050560367692,0.1,4.8828125e-5,0.0009424777960769381,1,0.9424777960769382
1.2496091412919867,0.1,4.8828125e-5,0.0009424777960769381,1,0.9424777960769382
1.4497406703726323,0.1,0.00078125,0.0009424777960769381,1,3.769911184307751
1.6819243248808697,0.1,0.00078125,0.0009424777960769381,1,3.769911184307751
1.9512934226359633,0.1,0.00078125,0.0009424777960769381,1,3.769911184307751
10.0,0.1,0.00078125,0.0018849555921538763,1,3.769911184307751
2.2638034095214477,0.1,0.00078125,0.0018849555921538763,1,3.769911184307751
2.6263635276533326,0.1,0.00078125,0.0018849555921538763,1,3.769911184307751
3.046989570903508,0.1,0.00078125,0.0018849555921538763,1,3.769911184307751
3.5349811050301057,0.1,0.00078125,0.0018849555921538763,1,3.769911184307751
4.1011270705513,0.1,0.00078125,0.0018849555921538763,1,3.769911184307751
4.7579443140094115,0.1,0.00078125,0.0018849555921538763,1,3.769911184307751
5.5199543212815705,0.1,0.00078125,0.0018849555921538763,1,3.769911184307751
6.404004271197279,0.1,0.00078125,0.0018849555921538763,1,3.769911184307751
7.429639507594946,0.1,0.00078125,0.0018849555921538763,1,3.769911184307751
8.619535664753032,0.1,0.00078125,0.0018849555921538763,1,3.769911184307751
0.11601553017399716,0.11601553017399716,0.00078125,0.00027335515297271585,1,3.498945958050762
0.13459603241553642,0.11601553017399716,0.00078125,0.00027335515297271585,1,3.7176300804289344
0.15615230060004973,0.11601553017399716,0.00078125,0.00027335515297271585,1,3.7176300804289344
0.18116091942004142,0.11601553017399716,0.00078125,0.00027335515297271585,1,3.7176300804289344
0.1,0.11601553017399716,0.00078125,0.0005467103059454317,1,4.15499832518528
0.21017480113324882,0.11601553017399716,0.00078125,0.0005467103059454317,1,4.15499832518528
0.2438354098268829,0.11601553017399716,0.00078125,0.0005467103059454317,1,4.15499832518528
0.28288694346259696,0.11601553017399716,0.00078125,0.0005467103059454317,1,4.15499832518528
0.3281927872511474,0.11601553017399716,0.00078125,0.0005467103059454317,1,4.15499832518528
0.3807546021222372,0.11601553017399716,0.00078125,0.0005467103059454317,1,4.15499832518528
0.4417344703140069,0.11601553017399716,0.00078125,0.0005467103059454317,1,4.15499832518528
0.5124805876960934,0.11601553017399716,0.00078125,0.0005467103059454317,1,4.15499832518528
0.5945570708544391,0.11601553017399716,0.00078125,0.0005467103059454317,1,4.15499832518528
0.6897785379387658,0.11601553017399716,4.8828125e-5,0.0010934206118908634,1,1.0934206118908634
0.8002502278161051,0.11601553017399716,4.8828125e-5,0.0010934206118908634,1,1.0934206118908634
0.9284145445194745,0.11601553017399716,4.8828125e-5,0.0010934206118908634,1,1.0934206118908634
1.0771050560367692,0.11601553017399716,4.8828125e-5,0.0010934206118908634,1,1.0934206118908634
1.2496091412919867,0.11601553017399716,4.8828125e-5,0.0010934206118908634,1,1.0934206118908634
1.4497406703726323,0.11601553017399716,0.00078125,0.0005467103059454317,1,3.936314202807107
1.6819243248808697,0.11601553017399716,0.00078125,0.0010934206118908634,1,4.373682447563453
1.9512934226359633,0.11601553017399716,0.00078125,0.0010934206118908634,1,4.373682447563453
10.0,0.11601553017399716,0.00078125,0.002186841223781727,1,4.373682447563453
2.2638034095214477,0.11601553017399716,0.00078125,0.0010934206118908634,1,4.373682447563453
2.6263635276533326,0.11601553017399716,0.00078125,0.002186841223781727,1,4.373682447563453
3.046989570903508,0.11601553017399716,0.00078125,0.002186841223781727,1,4.373682447563453
3.5349811050301057,0.11601553017399716,0.00078125,0.002186841223781727,1,4.373682447563453
4.1011270705513,0.11601553017399716,0.00078125,0.002186841223781727,1,4.373682447563453
4.7579443140094115,0.11601553017399716,0.00078125,0.002186841223781727,1,4.373682447563453
5.5199543212815705,0.11601553017399716,0.00078125,0.002186841223781727,1,4.373682447563453
6.404004271197279,0.11601553017399716,0.00078125,0.002186841223781727,1,4.373682447563453
7.429639507594946,0.11601553017399716,0.00078125,0.002186841223781727,1,4.373682447563453
8.619535664753032,0.11601553017399716,0.00078125,0.002186841223781727,1,4.373682447563453
0.11601553017399716,0.13459603241553642,0.00078125,0.0006342688599584742,1,4.5667357917010145
0.13459603241553642,0.13459603241553642,0.00078125,0.0003171344299792371,1,4.313028247717625
0.15615230060004973,0.13459603241553642,0.00078125,0.0003171344299792371,1,4.313028247717625
0.18116091942004142,0.13459603241553642,0.00078125,0.0003171344299792371,1,4.313028247717625
0.1,0.13459603241553642,0.00078125,0.0006342688599584742,1,4.820443335684404
0.21017480113324882,0.13459603241553642,0.00078125,0.0003171344299792371,1,4.313028247717625
0.2438354098268829,0.13459603241553642,0.00078125,0.0006342688599584742,1,4.820443335684404
0.28288694346259696,0.13459603241553642,0.00078125,0.0006342688599584742,1,4.820443335684404
0.3281927872511474,0.13459603241553642,0.00078125,0.0006342688599584742,1,4.820443335684404
0.3807546021222372,0.13459603241553642,0.00078125,0.0006342688599584742,1,4.820443335684404
0.4417344703140069,0.13459603241553642,0.00078125,0.0006342688599584742,1,4.820443335684404
0.5124805876960934,0.13459603241553642,0.00078125,0.0006342688599584742,1,4.820443335684404
0.5945570708544391,0.13459603241553642,0.00078125,0.0006342688599584742,1,4.820443335684404
0.6897785379387658,0.13459603241553642,0.00078125,0.0003171344299792371,1,4.313028247717625
0.8002502278161051,0.13459603241553642,4.8828125e-5,0.0012685377199169485,1,1.2685377199169485
0.9284145445194745,0.13459603241553642,4.8828125e-5,0.0012685377199169485,1,1.2685377199169485
1.0771050560367692,0.13459603241553642,4.8828125e-5,0.0012685377199169485,1,1.2685377199169485
1.2496091412919867,0.13459603241553642,4.8828125e-5,0.0012685377199169485,1,1.2685377199169485
1.4497406703726323,0.13459603241553642,0.00078125,0.0006342688599584742,1,4.820443335684404
1.6819243248808697,0.13459603241553642,0.00078125,0.0012685377199169485,1,5.074150879667793
1.9512934226359633,0.13459603241553642,0.00078125,0.0006342688599584742,1,4.820443335684404
10.0,0.13459603241553642,0.00078125,0.002537075439833897,1,5.074150879667793
2.2638034095214477,0.13459603241553642,0.00078125,0.0012685377199169485,1,5.074150879667793
2.6263635276533326,0.13459603241553642,0.00078125,0.0012685377199169485,1,5.074150879667793
3.046989570903508,0.13459603241553642,4.8828125e-5,0.0012685377199169485,1,1.2685377199169485
3.5349811050301057,0.13459603241553642,0.00078125,0.002537075439833897,1,5.074150879667793
4.1011270705513,0.13459603241553642,0.00078125,0.002537075439833897,1,5.074150879667793
4.7579443140094115,0.13459603241553642,0.00078125,0.002537075439833897,1,5.074150879667793
5.5199543212815705,0.13459603241553642,0.00078125,0.002537075439833897,1,5.074150879667793
6.404004271197279,0.13459603241553642,0.00078125,0.002537075439833897,1,5.074150879667793
7.429639507594946,0.13459603241553642,0.00078125,0.002537075439833897,1,5.074150879667793
8.619535664753032,0.13459603241553642,0.00078125,0.002537075439833897,1,5.074150879667793
0.11601553017399716,0.15615230060004973,0.00078125,0.0007358503806093921,1,5.5924628926313815
0.13459603241553642,0.15615230060004973,0.00078125,0.0007358503806093921,1,5.886803044875139
0.15615230060004973,0.15615230060004973,0.00078125,0.00036792519030469606,1,5.003782588143867
0.18116091942004142,0.15615230060004973,0.00078125,0.00036792519030469606,1,5.003782588143867
0.1,0.15615230060004973,0.00078125,0.0007358503806093921,1,5.5924628926313815
0.21017480113324882,0.15615230060004973,0.00078125,0.00036792519030469606,1,5.003782588143867
0.2438354098268829,0.15615230060004973,0.00078125,0.0007358503806093921,1,5.5924628926313815
0.28288694346259696,0.15615230060004973,0.00078125,0.0007358503806093921,1,5.5924628926313815
0.3281927872511474,0.15615230060004973,0.00078125,0.0007358503806093921,1,5.5924628926313815
0.3807546021222372,0.15615230060004973,0.00078125,0.0007358503806093921,1,5.5924628926313815
0.4417344703140069,0.15615230060004973,0.00078125,0.0007358503806093921,1,5.5924628926313815
0.5124805876960934,0.15615230060004973,0.00078125,0.0007358503806093921,1,5.5924628926313815
0.5945570708544391,0.15615230060004973,0.00078125,0.00036792519030469606,1,5.003782588143867
0.6897785379387658,0.15615230060004973,0.00078125,0.00036792519030469606,1,5.003782588143867
0.8002502278161051,0.15615230060004973,4.8828125e-5,0.0014717007612187842,1,1.4717007612187842
0.9284145445194745,0.15615230060004973,4.8828125e-5,0.0014717007612187842,1,1.4717007612187842
1.0771050560367692,0.15615230060004973,4.8828125e-5,0.0014717007612187842,1,1.4717007612187842
1.2496091412919867,0.15615230060004973,4.8828125e-5,0.0014717007612187842,1,1.4717007612187842
1.4497406703726323,0.15615230060004973,0.00078125,0.0007358503806093921,1,5.5924628926313815
1.6819243248808697,0.15615230060004973,0.00078125,0.0007358503806093921,1,5.5924628926313815
1.9512934226359633,0.15615230060004973,0.00078125,0.0007358503806093921,1,5.5924628926313815
10.0,0.15615230060004973,0.00078125,0.0029434015224375685,1,6.181143197118896
2.2638034095214477,0.15615230060004973,0.00078125,0.0014717007612187842,1,5.886803044875139
2.6263635276533326,0.15615230060004973,0.00078125,0.0014717007612187842,1,5.886803044875139
3.046989570903508,0.15615230060004973,4.8828125e-5,0.0014717007612187842,1,1.4717007612187842
3.5349811050301057,0.15615230060004973,0.00078125,0.0029434015224375685,1,5.886803044875139
4.1011270705513,0.15615230060004973,0.00078125,0.0029434015224375685,1,5.886803044875139
4.7579443140094115,0.15615230060004973,0.00078125,0.0029434015224375685,1,5.886803044875139
5.5199543212815705,0.15615230060004973,0.00078125,0.0029434015224375685,1,5.886803044875139
6.404004271197279,0.15615230060004973,0.00078125,0.0029434015224375685,1,5.886803044875139
7.429639507594946,0.15615230060004973,0.00078125,0.0029434015224375685,1,5.886803044875139
8.619535664753032,0.15615230060004973,0.00078125,0.0029434015224375685,1,5.886803044875139
0.11601553017399716,0.18116091942004142,0.00078125,0.0008537007203513618,1,6.146645186529808
0.13459603241553642,0.18116091942004142,0.00078125,0.0008537007203513618,1,6.488125474670353
0.15615230060004973,0.18116091942004142,0.00078125,0.0004268503601756809,1,5.805164898389263
0.18116091942004142,0.18116091942004142,0.00078125,0.0004268503601756809,1,5.805164898389263
0.1,0.18116091942004142,0.00078125,0.0008537007203513618,1,6.488125474670353
0.21017480113324882,0.18116091942004142,0.00078125,0.0004268503601756809,1,5.805164898389263
0.2438354098268829,0.18116091942004142,0.00078125,0.0008537007203513618,1,6.488125474670353
0.28288694346259696,0.18116091942004142,0.00078125,0.0008537007203513618,1,6.488125474670353
0.3281927872511474,0.18116091942004142,0.00078125,0.0008537007203513618,1,6.488125474670353
0.3807546021222372,0.18116091942004142,0.00078125,0.0008537007203513618,1,6.488125474670353
0.4417344703140069,0.18116091942004142,0.00078125,0.0008537007203513618,1,6.488125474670353
0.5124805876960934,0.18116091942004142,0.00078125,0.0008537007203513618,1,6.488125474670353
0.5945570708544391,0.18116091942004142,0.00078125,0.0004268503601756809,1,5.805164898389263
0.6897785379387658,0.18116091942004142,0.00078125,0.0004268503601756809,1,5.805164898389263
0.8002502278161051,0.18116091942004142,4.8828125e-5,0.0017074014407027235,1,1.7074014407027236
0.9284145445194745,0.18116091942004142,4.8828125e-5,0.0017074014407027235,1,1.7074014407027236
1.0771050560367692,0.18116091942004142,4.8828125e-5,0.0017074014407027235,1,1.7074014407027236
1.2496091412919867,0.18116091942004142,0.00078125,0.0008537007203513618,1,6.488125474670353
1.4497406703726323,0.18116091942004142,0.00078125,0.0008537007203513618,1,6.488125474670353
1.6819243248808697,0.18116091942004142,0.00078125,0.0008537007203513618,1,6.488125474670353
1.9512934226359633,0.18116091942004142,0.00078125,0.0008537007203513618,1,6.488125474670353
10.0,0.18116091942004142,0.00078125,0.003414802881405447,1,6.829605762810898
2.2638034095214477,0.18116091942004142,0.00078125,0.0017074014407027235,1,6.829605762810898
2.6263635276533326,0.18116091942004142,0.00078125,0.0017074014407027235,1,6.829605762810898
3.046989570903508,0.18116091942004142,4.8828125e-5,0.0017074014407027235,1,1.7074014407027236
3.5349811050301057,0.18116091942004142,0.00078125,0.0017074014407027235,1,6.829605762810898
4.1011270705513,0.18116091942004142,0.00078125,0.003414802881405447,1,6.829605762810898
4.7579443140094115,0.18116091942004142,0.00078125,0.003414802881405447,1,6.829605762810898
5.5199543212815705,0.18116091942004142,0.00078125,0.003414802881405447,1,6.829605762810898
6.404004271197279,0.18116091942004142,0.00078125,0.003414802881405447,1,6.829605762810898
7.429639507594946,0.18116091942004142,0.00078125,0.003414802881405447,1,6.829605762810898
8.619535664753032,0.18116091942004142,0.00078125,0.003414802881405447,1,6.829605762810898
0.11601553017399716,0.21017480113324882,0.00078125,0.0009904254168148657,1,7.527233167792982
0.13459603241553642,0.21017480113324882,0.00078125,0.0009904254168148657,1,7.9234033345189285
0.15615230060004973,0.21017480113324882,0.00078125,0.0009904254168148657,1,7.527233167792982
0.18116091942004142,0.21017480113324882,0.00078125,0.0004952127084074328,1,6.734892834341089
0.1,0.21017480113324882,0.00078125,0.0009904254168148657,1,7.527233167792982
0.21017480113324882,0.21017480113324882,0.00078125,0.0004952127084074328,1,6.734892834341089
0.2438354098268829,0.21017480113324882,0.00078125,0.0004952127084074328,1,6.734892834341089
0.28288694346259696,0.21017480113324882,0.00078125,0.0009904254168148657,1,7.527233167792982
0.3281927872511474,0.21017480113324882,0.00078125,0.0009904254168148657,1,7.527233167792982
0.3807546021222372,0.21017480113324882,0.00078125,0.0009904254168148657,1,7.527233167792982
0.4417344703140069,0.21017480113324882,0.00078125,0.0009904254168148657,1,7.527233167792982
0.5124805876960934,0.21017480113324882,0.00078125,0.0004952127084074328,1,6.734892834341089
0.5945570708544391,0.21017480113324882,0.00078125,0.0004952127084074328,1,6.734892834341089
0.6897785379387658,0.21017480113324882,0.00078125,0.0002476063542037164,1,5.942552500889196
0.8002502278161051,0.21017480113324882,4.8828125e-5,0.0019808508336297314,1,1.9808508336297312
0.9284145445194745,0.21017480113324882,0.00078125,0.0002476063542037164,1,5.942552500889196
1.0771050560367692,0.21017480113324882,4.8828125e-5,0.0019808508336297314,1,1.9808508336297312
1.2496091412919867,0.21017480113324882,0.00078125,0.0004952127084074328,1,6.734892834341089
1.4497406703726323,0.21017480113324882,0.00078125,0.0009904254168148657,1,7.527233167792982
1.6819243248808697,0.21017480113324882,0.00078125,0.0009904254168148657,1,7.527233167792982
1.9512934226359633,0.21017480113324882,0.00078125,0.0004952127084074328,1,6.734892834341089
10.0,0.21017480113324882,0.00078125,0.003961701667259463,1,7.9234033345189285
2.2638034095214477,0.21017480113324882,0.00078125,0.0009904254168148657,1,7.527233167792982
2.6263635276533326,0.21017480113324882,0.00078125,0.0019808508336297314,1,7.9234033345189285
3.046989570903508,0.21017480113324882,4.8828125e-5,0.0019808508336297314,1,1.9808508336297312
3.5349811050301057,0.21017480113324882,0.00078125,0.0019808508336297314,1,7.9234033345189285
4.1011270705513,0.21017480113324882,0.00078125,0.0019808508336297314,1,7.9234033345189285
4.7579443140094115,0.21017480113324882,0.00078125,0.003961701667259463,1,7.9234033345189285
5.5199543212815705,0.21017480113324882,0.00078125,0.003961701667259463,1,7.9234033345189285
6.404004271197279,0.21017480113324882,0.00078125,0.003961701667259463,1,7.9234033345189285
7.429639507594946,0.21017480113324882,0.00078125,0.003961701667259463,1,7.9234033345189285
8.619535664753032,0.21017480113324882,0.00078125,0.003961701667259463,1,7.9234033345189285
0.11601553017399716,0.2438354098268829,0.00078125,0.0011490472982957876,1,8.273140547729668
0.13459603241553642,0.2438354098268829,0.00078125,0.0011490472982957876,1,8.732759467047982
0.15615230060004973,0.2438354098268829,0.00078125,0.0011490472982957876,1,8.732759467047982
0.18116091942004142,0.2438354098268829,0.00078125,0.0011490472982957876,1,8.732759467047982
0.1,0.2438354098268829,0.00078125,0.0011490472982957876,1,8.732759467047982
0.21017480113324882,0.2438354098268829,0.00078125,0.0011490472982957876,1,8.732759467047982
0.2438354098268829,0.2438354098268829,0.00078125,0.0011490472982957876,1,8.732759467047982
0.28288694346259696,0.2438354098268829,0.00078125,0.0011490472982957876,1,8.732759467047982
0.3281927872511474,0.2438354098268829,0.00078125,0.0011490472982957876,1,8.732759467047982
0.3807546021222372,0.2438354098268829,0.00078125,0.0005745236491478938,1,7.813521628411353
0.4417344703140069,0.2438354098268829,0.00078125,0.0005745236491478938,1,7.813521628411353
0.5124805876960934,0.2438354098268829,0.00078125,0.0005745236491478938,1,7.813521628411353
0.5945570708544391,0.2438354098268829,0.00078125,0.0002872618245739469,1,6.894283789774724
0.6897785379387658,0.2438354098268829,0.00078125,0.0002872618245739469,1,6.894283789774724
0.8002502278161051,0.2438354098268829,4.8828125e-5,0.0022980945965915753,1,2.298094596591575
0.9284145445194745,0.2438354098268829,4.8828125e-5,0.0022980945965915753,1,2.298094596591575
1.0771050560367692,0.2438354098268829,4.8828125e-5,0.0022980945965915753,1,2.298094596591575
1.2496091412919867,0.2438354098268829,0.00078125,0.0005745236491478938,1,7.813521628411353
1.4497406703726323,0.2438354098268829,0.00078125,0.0011490472982957876,1,8.732759467047982
1.6819243248808697,0.2438354098268829,0.00078125,0.0011490472982957876,1,8.732759467047982
1.9512934226359633,0.2438354098268829,0.00078125,0.0005745236491478938,1,7.813521628411353
10.0,0.2438354098268829,0.00078125,0.0045961891931831506,1,9.192378386366297
2.2638034095214477,0.2438354098268829,0.00078125,0.0011490472982957876,1,8.732759467047982
2.6263635276533326,0.2438354098268829,0.00078125,0.0022980945965915753,1,9.192378386366297
3.046989570903508,0.2438354098268829,4.8828125e-5,0.0022980945965915753,1,2.298094596591575
3.5349811050301057,0.2438354098268829,0.00078125,0.0022980945965915753,1,9.192378386366297
4.1011270705513,0.2438354098268829,0.00078125,0.0022980945965915753,1,9.192378386366297
4.7579443140094115,0.2438354098268829,0.00078125,0.0022980945965915753,1,9.192378386366297
5.5199543212815705,0.2438354098268829,0.00078125,0.0045961891931831506,1,9.192378386366297
6.404004271197279,0.2438354098268829,0.00078125,0.0045961891931831506,1,9.192378386366297
7.429639507594946,0.2438354098268829,0.00078125,0.0045961891931831506,1,9.192378386366297
8.619535664753032,0.2438354098268829,0.00078125,0.0045961891931831506,1,9.192378386366297
0.11601553017399716,0.28288694346259696,0.00078125,0.0006665366575339244,1,9.064898542461375
0.13459603241553642,0.28288694346259696,0.00078125,0.0006665366575339244,1,9.064898542461375
0.15615230060004973,0.28288694346259696,0.00078125,0.0006665366575339244,1,9.064898542461375
0.18116091942004142,0.28288694346259696,0.00078125,0.0006665366575339244,1,9.064898542461375
0.1,0.28288694346259696,0.00078125,0.0006665366575339244,1,9.064898542461375
0.21017480113324882,0.28288694346259696,0.00078125,0.0006665366575339244,1,9.064898542461375
0.2438354098268829,0.28288694346259696,0.00078125,0.0006665366575339244,1,9.064898542461375
0.28288694346259696,0.28288694346259696,0.00078125,0.0006665366575339244,1,9.064898542461375
0.3281927872511474,0.28288694346259696,0.00078125,0.0006665366575339244,1,9.064898542461375
0.3807546021222372,0.28288694346259696,0.00078125,0.0006665366575339244,1,9.064898542461375
0.4417344703140069,0.28288694346259696,0.00078125,0.0003332683287669622,1,7.998439890407095
0.5124805876960934,0.28288694346259696,0.00078125,0.0003332683287669622,1,7.998439890407095
0.5945570708544391,0.28288694346259696,0.00078125,0.0003332683287669622,1,7.998439890407095
0.6897785379387658,0.28288694346259696,0.00078125,0.0003332683287669622,1,7.998439890407095
0.8002502278161051,0.28288694346259696,4.8828125e-5,0.0026661466301356974,1,2.6661466301356973
0.9284145445194745,0.28288694346259696,4.8828125e-5,0.0026661466301356974,1,2.6661466301356973
1.0771050560367692,0.28288694346259696,4.8828125e-5,0.0026661466301356974,1,2.6661466301356973
1.2496091412919867,0.28288694346259696,0.00078125,0.0006665366575339244,1,9.064898542461375
1.4497406703726323,0.28288694346259696,0.00078125,0.0013330733150678487,1,10.131357194515655
1.6819243248808697,0.28288694346259696,0.00078125,0.0006665366575339244,1,9.064898542461375
1.9512934226359633,0.28288694346259696,0.00078125,0.0006665366575339244,1,9.064898542461375
10.0,0.28288694346259696,0.00078125,0.005332293260271395,1,11.197815846569934
2.2638034095214477,0.28288694346259696,0.00078125,0.0013330733150678487,1,10.131357194515655
2.6263635276533326,0.28288694346259696,0.00078125,0.0013330733150678487,1,10.131357194515655
3.046989570903508,0.28288694346259696,4.8828125e-5,0.0026661466301356974,1,2.6661466301356973
3.5349811050301057,0.28288694346259696,0.00078125,0.0026661466301356974,1,10.664586520542795
4.1011270705513,0.28288694346259696,0.00078125,0.0026661466301356974,1,10.664586520542795
4.7579443140094115,0.28288694346259696,0.00078125,0.0026661466301356974,1,10.664586520542795
5.5199543212815705,0.28288694346259696,0.00078125,0.0026661466301356974,1,10.664586520542795
6.404004271197279,0.28288694346259696,0.00078125,0.005332293260271395,1,10.664586520542795
7.429639507594946,0.28288694346259696,0.00078125,0.005332293260271395,1,10.664586520542795
8.619535664753032,0.28288694346259696,0.0015625,0.005332293260271395,1,14.397191802732774
0.11601553017399716,0.3281927872511474,0.00078125,0.000773286037042022,1,10.516690103771502
0.13459603241553642,0.3281927872511474,0.00078125,0.000773286037042022,1,10.516690103771502
0.15615230060004973,0.3281927872511474,0.00078125,0.000386643018521011,1,9.279432444504266
0.18116091942004142,0.3281927872511474,0.00078125,0.000386643018521011,1,9.279432444504266
0.1,0.3281927872511474,0.00078125,0.000773286037042022,1,10.516690103771502
0.21017480113324882,0.3281927872511474,0.00078125,0.000386643018521011,1,9.279432444504266
0.2438354098268829,0.3281927872511474,0.00078125,0.000386643018521011,1,9.279432444504266
0.28288694346259696,0.3281927872511474,0.00078125,0.000386643018521011,1,9.279432444504266
0.3281927872511474,0.3281927872511474,0.00078125,0.000386643018521011,1,9.279432444504266
0.3807546021222372,0.3281927872511474,0.00078125,0.000386643018521011,1,9.279432444504266
0.4417344703140069,0.3281927872511474,0.00078125,0.000386643018521011,1,9.279432444504266
0.5124805876960934,0.3281927872511474,0.00078125,0.000386643018521011,1,9.279432444504266
0.5945570708544391,0.3281927872511474,0.00078125,0.0001933215092605055,1,7.423545955603413
0.6897785379387658,0.3281927872511474,0.00078125,0.0001933215092605055,1,7.423545955603413
0.8002502278161051,0.3281927872511474,0.00078125,0.000386643018521011,1,9.279432444504266
0.9284145445194745,0.3281927872511474,4.8828125e-5,0.003093144148168088,1,3.093144148168088
1.0771050560367692,0.3281927872511474,4.8828125e-5,0.003093144148168088,1,3.093144148168088
1.2496091412919867,0.3281927872511474,0.00078125,0.000773286037042022,1,10.516690103771502
1.4497406703726323,0.3281927872511474,0.00078125,0.000773286037042022,1,10.516690103771502
1.6819243248808697,0.3281927872511474,0.00078125,0.000773286037042022,1,10.516690103771502
1.9512934226359633,0.3281927872511474,0.00078125,0.000773286037042022,1,10.516690103771502
10.0,0.3281927872511474,0.00078125,0.006186288296336176,1,12.991205422305974
2.2638034095214477,0.3281927872511474,0.00078125,0.001546572074084044,1,11.753947763038738
2.6263635276533326,0.3281927872511474,0.00078125,0.001546572074084044,1,11.753947763038738
3.046989570903508,0.3281927872511474,4.8828125e-5,0.003093144148168088,1,3.093144148168088
3.5349811050301057,0.3281927872511474,0.00078125,0.003093144148168088,1,12.372576592672356
4.1011270705513,0.3281927872511474,0.00078125,0.003093144148168088,1,12.372576592672356
4.7579443140094115,0.3281927872511474,0.00078125,0.003093144148168088,1,12.372576592672356
5.5199543212815705,0.3281927872511474,0.00078125,0.003093144148168088,1,12.372576592672356
6.404004271197279,0.3281927872511474,0.00078125,0.003093144148168088,1,12.372576592672356
7.429639507594946,0.3281927872511474,0.00078125,0.006186288296336176,1,12.372576592672356
8.619535664753032,0.3281927872511474,0.00078125,0.006186288296336176,1,12.372576592672356
0.11601553017399716,0.3807546021222372,0.00078125,0.000448565947817897,1,10.76558274762953
0.13459603241553642,0.3807546021222372,0.00078125,0.000448565947817897,1,10.76558274762953
0.15615230060004973,0.3807546021222372,0.00078125,0.000448565947817897,1,10.76558274762953
0.18116091942004142,0.3807546021222372,0.00078125,0.000448565947817897,1,10.76558274762953
0.1,0.3807546021222372,0.00078125,0.000448565947817897,1,10.76558274762953
0.21017480113324882,0.3807546021222372,0.00078125,0.000448565947817897,1,10.76558274762953
0.2438354098268829,0.3807546021222372,0.00078125,0.000448565947817897,1,10.76558274762953
0.28288694346259696,0.3807546021222372,0.00078125,0.000448565947817897,1,10.76558274762953
0.3281927872511474,0.3807546021222372,0.00078125,0.000448565947817897,1,10.76558274762953
0.3807546021222372,0.3807546021222372,0.00078125,0.0002242829739089485,1,8.612466198103624
0.4417344703140069,0.3807546021222372,0.00078125,0.0002242829739089485,1,8.612466198103624
0.5124805876960934,0.3807546021222372,0.00078125,0.0002242829739089485,1,8.612466198103624
0.5945570708544391,0.3807546021222372,0.00078125,0.0002242829739089485,1,8.612466198103624
0.6897785379387658,0.3807546021222372,0.00078125,0.000448565947817897,1,10.76558274762953
0.8002502278161051,0.3807546021222372,0.00078125,0.000448565947817897,1,10.76558274762953
0.9284145445194745,0.3807546021222372,4.8828125e-5,0.003588527582543176,1,3.588527582543176
1.0771050560367692,0.3807546021222372,4.8828125e-5,0.003588527582543176,1,3.588527582543176
1.2496091412919867,0.3807546021222372,4.8828125e-5,0.003588527582543176,1,3.588527582543176
1.4497406703726323,0.3807546021222372,0.00078125,0.000897131895635794,1,12.200993780646801
1.6819243248808697,0.3807546021222372,0.00078125,0.000448565947817897,1,10.76558274762953
1.9512934226359633,0.3807546021222372,0.00078125,0.000897131895635794,1,12.200993780646801
10.0,0.3807546021222372,0.00078125,0.007177055165086352,1,15.071815846681343
2.2638034095214477,0.3807546021222372,0.00078125,0.001794263791271588,1,13.636404813664072
2.6263635276533326,0.3807546021222372,0.00078125,0.001794263791271588,1,13.636404813664072
3.046989570903508,0.3807546021222372,4.8828125e-5,0.003588527582543176,1,3.588527582543176
3.5349811050301057,0.3807546021222372,0.00078125,0.001794263791271588,1,13.636404813664072
4.1011270705513,0.3807546021222372,0.00078125,0.003588527582543176,1,14.354110330172707
4.7579443140094115,0.3807546021222372,0.00078125,0.003588527582543176,1,14.354110330172707
5.5199543212815705,0.3807546021222372,0.00078125,0.003588527582543176,1,14.354110330172707
6.404004271197279,0.3807546021222372,0.00078125,0.003588527582543176,1,14.354110330172707
7.429639507594946,0.3807546021222372,0.00078125,0.003588527582543176,1,14.354110330172707
8.619535664753032,0.3807546021222372,0.00078125,0.007177055165086352,1,14.354110330172707
0.11601553017399716,0.4417344703140069,0.00078125,0.0002602030812704743,1,9.991798320786211
0.13459603241553642,0.4417344703140069,0.00078125,0.0002602030812704743,1,9.991798320786211
0.15615230060004973,0.4417344703140069,0.00078125,0.0002602030812704743,1,9.991798320786211
0.18116091942004142,0.4417344703140069,0.00078125,0.0002602030812704743,1,9.991798320786211
0.1,0.4417344703140069,0.00078125,0.0002602030812704743,1,9.991798320786211
0.21017480113324882,0.4417344703140069,0.00078125,0.0002602030812704743,1,9.991798320786211
0.2438354098268829,0.4417344703140069,0.00078125,0.0002602030812704743,1,9.991798320786211
0.28288694346259696,0.4417344703140069,0.00078125,0.0002602030812704743,1,9.991798320786211
0.3281927872511474,0.4417344703140069,0.00078125,0.0002602030812704743,1,9.991798320786211
0.3807546021222372,0.4417344703140069,0.00078125,0.0002602030812704743,1,9.991798320786211
0.4417344703140069,0.4417344703140069,0.00078125,0.0002602030812704743,1,9.991798320786211
0.5124805876960934,0.4417344703140069,0.00078125,0.0002602030812704743,1,9.991798320786211
0.5945570708544391,0.4417344703140069,0.00078125,0.0002602030812704743,1,9.991798320786211
0.6897785379387658,0.4417344703140069,0.00078125,0.0005204061625409486,1,12.489747900982763
0.8002502278161051,0.4417344703140069,0.00078125,0.0005204061625409486,1,12.489747900982763
0.9284145445194745,0.4417344703140069,4.8828125e-5,0.004163249300327589,1,4.163249300327589
1.0771050560367692,0.4417344703140069,4.8828125e-5,0.004163249300327589,1,4.163249300327589
1.2496091412919867,0.4417344703140069,4.8828125e-5,0.004163249300327589,1,4.163249300327589
1.4497406703726323,0.4417344703140069,0.00078125,0.0010408123250818973,1,14.155047621113798
1.6819243248808697,0.4417344703140069,0.00078125,0.0005204061625409486,1,12.489747900982763
1.9512934226359633,0.4417344703140069,0.00078125,0.0005204061625409486,1,12.489747900982763
10.0,0.4417344703140069,0.00078125,0.008326498600655178,1,17.48564706137587
2.2638034095214477,0.4417344703140069,0.00078125,0.0020816246501637946,1,15.820347341244833
2.6263635276533326,0.4417344703140069,0.00078125,0.0020816246501637946,1,15.820347341244833
3.046989570903508,0.4417344703140069,4.8828125e-5,0.004163249300327589,1,4.163249300327589
3.5349811050301057,0.4417344703140069,0.00078125,0.0020816246501637946,1,15.820347341244833
4.1011270705513,0.4417344703140069,0.00078125,0.0020816246501637946,1,15.820347341244833
4.7579443140094115,0.4417344703140069,0.00078125,0.004163249300327589,1,16.652997201310352
5.5199543212815705,0.4417344703140069,0.00078125,0.004163249300327589,1,16.652997201310352
6.404004271197279,0.4417344703140069,0.00078125,0.004163249300327589,1,16.652997201310352
7.429639507594946,0.4417344703140069,0.00078125,0.004163249300327589,1,16.652997201310352
8.619535664753032,0.4417344703140069,0.00078125,0.004163249300327589,1,16.652997201310352
0.11601553017399716,0.5124805876960934,0.00078125,0.0003018759842650175,1,11.592037795776674
0.13459603241553642,0.5124805876960934,0.00078125,0.0003018759842650175,1,11.592037795776674
0.15615230060004973,0.5124805876960934,0.00078125,0.0003018759842650175,1,11.592037795776674
0.18116091942004142,0.5124805876960934,0.00078125,0.0003018759842650175,1,11.592037795776674
0.1,0.5124805876960934,0.00078125,0.0003018759842650175,1,11.592037795776674
0.21017480113324882,0.5124805876960934,0.00078125,0.0003018759842650175,1,11.592037795776674
0.2438354098268829,0.5124805876960934,0.00078125,0.0003018759842650175,1,11.592037795776674
0.28288694346259696,0.5124805876960934,0.00078125,0.0003018759842650175,1,11.592037795776674
0.3281927872511474,0.5124805876960934,0.00078125,0.0003018759842650175,1,11.592037795776674
0.3807546021222372,0.5124805876960934,0.00078125,0.0003018759842650175,1,11.592037795776674
0.4417344703140069,0.5124805876960934,0.00078125,0.0003018759842650175,1,11.592037795776674
0.5124805876960934,0.5124805876960934,0.00078125,0.0003018759842650175,1,11.592037795776674
0.5945570708544391,0.5124805876960934,0.00078125,0.0003018759842650175,1,11.592037795776674
0.6897785379387658,0.5124805876960934,0.00078125,0.0003018759842650175,1,11.592037795776674
0.8002502278161051,0.5124805876960934,0.00078125,0.000603751968530035,1,14.490047244720843
0.9284145445194745,0.5124805876960934,0.00078125,0.00120750393706007,1,16.422053544016954
1.0771050560367692,0.5124805876960934,4.8828125e-5,0.00483001574824028,1,4.83001574824028
1.2496091412919867,0.5124805876960934,4.8828125e-5,0.00483001574824028,1,4.83001574824028
1.4497406703726323,0.5124805876960934,0.00078125,0.000603751968530035,1,14.490047244720843
1.6819243248808697,0.5124805876960934,0.00078125,0.000603751968530035,1,14.490047244720843
1.9512934226359633,0.5124805876960934,0.00078125,0.000603751968530035,1,14.490047244720843
10.0,0.5124805876960934,0.00078125,0.00483001574824028,1,20.28606614260918
2.2638034095214477,0.5124805876960934,0.00078125,0.00120750393706007,1,16.422053544016954
2.6263635276533326,0.5124805876960934,0.00078125,0.00120750393706007,1,16.422053544016954
3.046989570903508,0.5124805876960934,4.8828125e-5,0.00483001574824028,1,4.83001574824028
3.5349811050301057,0.5124805876960934,0.00078125,0.00241500787412014,1,18.354059843313067
4.1011270705513,0.5124805876960934,0.00078125,0.00241500787412014,1,18.354059843313067
4.7579443140094115,0.5124805876960934,0.00078125,0.00241500787412014,1,18.354059843313067
5.5199543212815705,0.5124805876960934,0.00078125,0.00483001574824028,1,19.320062992961123
6.404004271197279,0.5124805876960934,0.00078125,0.00483001574824028,1,19.320062992961123
7.429639507594946,0.5124805876960934,0.00078125,0.00483001574824028,1,19.320062992961123
8.619535664753032,0.5124805876960934,0.00078125,0.00483001574824028,1,19.320062992961123
0.11601553017399716,0.5945570708544391,0.00078125,0.00035022302361303225,1,13.448564106740436
0.13459603241553642,0.5945570708544391,0.00078125,0.00035022302361303225,1,13.448564106740436
0.15615230060004973,0.5945570708544391,0.00078125,0.00035022302361303225,1,13.448564106740436
0.18116091942004142,0.5945570708544391,0.00078125,0.00035022302361303225,1,13.448564106740436
0.1,0.5945570708544391,0.00078125,0.00035022302361303225,1,13.448564106740436
0.21017480113324882,0.5945570708544391,0.00078125,0.00035022302361303225,1,13.448564106740436
0.2438354098268829,0.5945570708544391,0.00078125,0.00035022302361303225,1,13.448564106740436
0.28288694346259696,0.5945570708544391,0.00078125,0.00035022302361303225,1,13.448564106740436
0.3281927872511474,0.5945570708544391,0.00078125,0.00035022302361303225,1,13.448564106740436
0.3807546021222372,0.5945570708544391,0.00078125,0.00035022302361303225,1,13.448564106740436
0.4417344703140069,0.5945570708544391,0.00078125,0.00035022302361303225,1,13.448564106740436
0.5124805876960934,0.5945570708544391,0.00078125,0.00035022302361303225,1,13.448564106740436
0.5945570708544391,0.5945570708544391,0.00078125,0.0007004460472260645,1,16.810705133425547
0.6897785379387658,0.5945570708544391,0.00078125,0.0007004460472260645,1,16.810705133425547
0.8002502278161051,0.5945570708544391,0.00078125,0.0007004460472260645,1,16.810705133425547
0.9284145445194745,0.5945570708544391,4.8828125e-5,0.005603568377808516,1,5.603568377808516
1.0771050560367692,0.5945570708544391,4.8828125e-5,0.005603568377808516,1,5.603568377808516
1.2496091412919867,0.5945570708544391,4.8828125e-5,0.005603568377808516,1,5.603568377808516
1.4497406703726323,0.5945570708544391,0.00078125,0.00035022302361303225,1,13.448564106740436
1.6819243248808697,0.5945570708544391,0.00078125,0.00035022302361303225,1,13.448564106740436
1.9512934226359633,0.5945570708544391,0.00078125,0.0007004460472260645,1,16.810705133425547
10.0,0.5945570708544391,0.00078125,0.005603568377808516,1,23.534987186795764
2.2638034095214477,0.5945570708544391,0.00078125,0.001400892094452129,1,19.052132484548952
2.6263635276533326,0.5945570708544391,4.8828125e-5,0.005603568377808516,1,5.603568377808516
3.046989570903508,0.5945570708544391,4.8828125e-5,0.005603568377808516,1,5.603568377808516
3.5349811050301057,0.5945570708544391,0.00078125,0.002801784188904258,1,21.293559835672358
4.1011270705513,0.5945570708544391,0.00078125,0.002801784188904258,1,21.293559835672358
4.7579443140094115,0.5945570708544391,0.00078125,0.002801784188904258,1,21.293559835672358
5.5199543212815705,0.5945570708544391,0.00078125,0.002801784188904258,1,21.293559835672358
6.404004271197279,0.5945570708544391,0.00078125,0.005603568377808516,1,22.41427351123406
7.429639507594946,0.5945570708544391,0.00078125,0.005603568377808516,1,22.41427351123406
8.619535664753032,0.5945570708544391,0.00078125,0.005603568377808516,1,22.41427351123406
0.11601553017399716,0.6897785379387658,0.00078125,0.00040631309763606275,1,15.602422949224813
0.13459603241553642,0.6897785379387658,0.00078125,0.00040631309763606275,1,15.602422949224813
0.15615230060004973,0.6897785379387658,0.00078125,0.00040631309763606275,1,15.602422949224813
0.18116091942004142,0.6897785379387658,0.00078125,0.00040631309763606275,1,15.602422949224813
0.1,0.6897785379387658,0.00078125,0.00040631309763606275,1,15.602422949224813
0.21017480113324882,0.6897785379387658,0.00078125,0.00040631309763606275,1,15.602422949224813
0.2438354098268829,0.6897785379387658,0.00078125,0.00040631309763606275,1,15.602422949224813
0.28288694346259696,0.6897785379387658,0.00078125,0.00040631309763606275,1,15.602422949224813
0.3281927872511474,0.6897785379387658,0.00078125,0.00040631309763606275,1,15.602422949224813
0.3807546021222372,0.6897785379387658,0.00078125,0.0008126261952721255,1,19.503028686531017
0.4417344703140069,0.6897785379387658,0.00078125,0.0008126261952721255,1,19.503028686531017
0.5124805876960934,0.6897785379387658,0.00078125,0.0008126261952721255,1,19.503028686531017
0.5945570708544391,0.6897785379387658,0.00078125,0.0008126261952721255,1,19.503028686531017
0.6897785379387658,0.6897785379387658,0.00078125,0.0008126261952721255,1,19.503028686531017
0.8002502278161051,0.6897785379387658,0.00078125,0.0008126261952721255,1,19.503028686531017
0.9284145445194745,0.6897785379387658,4.8828125e-5,0.006501009562177004,1,6.501009562177004
1.0771050560367692,0.6897785379387658,4.8828125e-5,0.006501009562177004,1,6.501009562177004
1.2496091412919867,0.6897785379387658,0.00078125,0.0008126261952721255,1,19.503028686531017
1.4497406703726323,0.6897785379387658,0.00078125,0.00040631309763606275,1,15.602422949224813
1.6819243248808697,0.6897785379387658,0.00078125,0.00040631309763606275,1,15.602422949224813
1.9512934226359633,0.6897785379387658,0.00078125,0.0008126261952721255,1,19.503028686531017
10.0,0.6897785379387658,0.00078125,0.006501009562177004,1,27.304240161143426
2.2638034095214477,0.6897785379387658,0.00078125,0.001625252390544251,1,22.10343251140182
2.6263635276533326,0.6897785379387658,4.8828125e-5,0.006501009562177004,1,6.501009562177004
3.046989570903508,0.6897785379387658,4.8828125e-5,0.006501009562177004,1,6.501009562177004
3.5349811050301057,0.6897785379387658,0.00078125,0.003250504781088502,1,24.703836336272623
4.1011270705513,0.6897785379387658,0.00078125,0.003250504781088502,1,24.703836336272623
4.7579443140094115,0.6897785379387658,0.00078125,0.003250504781088502,1,24.703836336272623
5.5199543212815705,0.6897785379387658,0.00078125,0.003250504781088502,1,24.703836336272623
6.404004271197279,0.6897785379387658,0.00078125,0.003250504781088502,1,24.703836336272623
7.429639507594946,0.6897785379387658,0.00078125,0.006501009562177004,1,26.004038248708024
8.619535664753032,0.6897785379387658,0.00078125,0.006501009562177004,1,26.004038248708024
0.11601553017399716,0.8002502278161051,0.00078125,0.0004713862943888689,1,18.101233704532568
0.13459603241553642,0.8002502278161051,0.00078125,0.0004713862943888689,1,18.101233704532568
0.15615230060004973,0.8002502278161051,0.00078125,0.0004713862943888689,1,18.101233704532568
0.18116091942004142,0.8002502278161051,0.00078125,0.0004713862943888689,1,18.101233704532568
0.1,0.8002502278161051,0.00078125,0.0004713862943888689,1,18.101233704532568
0.21017480113324882,0.8002502278161051,0.00078125,0.0004713862943888689,1,18.101233704532568
0.2438354098268829,0.8002502278161051,0.00078125,0.0004713862943888689,1,18.101233704532568
0.28288694346259696,0.8002502278161051,0.00078125,0.0004713862943888689,1,18.101233704532568
0.3281927872511474,0.8002502278161051,0.00078125,0.0004713862943888689,1,18.101233704532568
0.3807546021222372,0.8002502278161051,0.00078125,0.0009427725887777378,1,22.62654213066571
0.4417344703140069,0.8002502278161051,0.00078125,0.0009427725887777378,1,22.62654213066571
0.5124805876960934,0.8002502278161051,0.00078125,0.0009427725887777378,1,22.62654213066571
0.5945570708544391,0.8002502278161051,0.00078125,0.0009427725887777378,1,22.62654213066571
0.6897785379387658,0.8002502278161051,0.00078125,0.0009427725887777378,1,22.62654213066571
0.8002502278161051,0.8002502278161051,4.8828125e-5,0.007542180710221902,1,7.542180710221902
0.9284145445194745,0.8002502278161051,4.8828125e-5,0.007542180710221902,1,7.542180710221902
1.0771050560367692,0.8002502278161051,4.8828125e-5,0.007542180710221902,1,7.542180710221902
1.2496091412919867,0.8002502278161051,0.00078125,0.0004713862943888689,1,18.101233704532568
1.4497406703726323,0.8002502278161051,0.00078125,0.0004713862943888689,1,18.101233704532568
1.6819243248808697,0.8002502278161051,0.00078125,0.0004713862943888689,1,18.101233704532568
1.9512934226359633,0.8002502278161051,0.00078125,0.0009427725887777378,1,22.62654213066571
10.0,0.8002502278161051,0.00078125,0.007542180710221902,1,31.677158982932
2.2638034095214477,0.8002502278161051,0.00078125,0.0009427725887777378,1,22.62654213066571
2.6263635276533326,0.8002502278161051,4.8828125e-5,0.007542180710221902,1,7.542180710221902
3.046989570903508,0.8002502278161051,4.8828125e-5,0.007542180710221902,1,7.542180710221902
3.5349811050301057,0.8002502278161051,0.00078125,0.0018855451775554755,1,25.643414414754474
4.1011270705513,0.8002502278161051,0.00078125,0.003771090355110951,1,28.660286698843237
4.7579443140094115,0.8002502278161051,0.00078125,0.003771090355110951,1,28.660286698843237
5.5199543212815705,0.8002502278161051,0.00078125,0.003771090355110951,1,28.660286698843237
6.404004271197279,0.8002502278161051,0.00078125,0.003771090355110951,1,28.660286698843237
7.429639507594946,0.8002502278161051,0.00078125,0.003771090355110951,1,28.660286698843237
8.619535664753032,0.8002502278161051,0.00078125,0.007542180710221902,1,30.168722840887618
0.11601553017399716,0.9284145445194745,0.00078125,0.0005468813086028053,1,21.000242250347732
0.13459603241553642,0.9284145445194745,0.00078125,0.0005468813086028053,1,21.000242250347732
0.15615230060004973,0.9284145445194745,0.00078125,0.0005468813086028053,1,21.000242250347732
0.18116091942004142,0.9284145445194745,0.00078125,0.0005468813086028053,1,21.000242250347732
0.1,0.9284145445194745,0.00078125,0.0005468813086028053,1,21.000242250347732
0.21017480113324882,0.9284145445194745,0.00078125,0.0005468813086028053,1,21.000242250347732
0.2438354098268829,0.9284145445194745,0.00078125,0.0005468813086028053,1,21.000242250347732
0.28288694346259696,0.9284145445194745,0.00078125,0.0005468813086028053,1,21.000242250347732
0.3281927872511474,0.9284145445194745,0.00078125,0.0005468813086028053,1,21.000242250347732
0.3807546021222372,0.9284145445194745,0.00078125,0.0005468813086028053,1,21.000242250347732
0.4417344703140069,0.9284145445194745,0.00078125,0.0005468813086028053,1,21.000242250347732
0.5124805876960934,0.9284145445194745,0.00078125,0.0005468813086028053,1,21.000242250347732
0.5945570708544391,0.9284145445194745,0.00078125,0.0005468813086028053,1,21.000242250347732
0.6897785379387658,0.9284145445194745,0.00078125,0.0005468813086028053,1,21.000242250347732
0.8002502278161051,0.9284145445194745,0.00078125,0.0005468813086028053,1,21.000242250347732
0.9284145445194745,0.9284145445194745,4.8828125e-5,0.008750100937644886,1,8.750100937644886
1.0771050560367692,0.9284145445194745,4.8828125e-5,0.008750100937644886,1,8.750100937644886
1.2496091412919867,0.9284145445194745,0.00078125,0.0005468813086028053,1,21.000242250347732
1.4497406703726323,0.9284145445194745,0.00078125,0.0005468813086028053,1,21.000242250347732
1.6819243248808697,0.9284145445194745,0.00078125,0.0005468813086028053,1,21.000242250347732
1.9512934226359633,0.9284145445194745,0.00078125,0.0010937626172056107,1,26.250302812934667
10.0,0.9284145445194745,0.00078125,0.008750100937644886,1,36.750423938108526
2.2638034095214477,0.9284145445194745,4.8828125e-5,0.008750100937644886,1,8.750100937644886
2.6263635276533326,0.9284145445194745,4.8828125e-5,0.008750100937644886,1,8.750100937644886
3.046989570903508,0.9284145445194745,4.8828125e-5,0.008750100937644886,1,8.750100937644886
3.5349811050301057,0.9284145445194745,0.00078125,0.0021875252344112214,1,29.750343187992623
4.1011270705513,0.9284145445194745,0.00078125,0.004375050468822443,1,33.250383563050576
4.7579443140094115,0.9284145445194745,0.00078125,0.0021875252344112214,1,29.750343187992623
5.5199543212815705,0.9284145445194745,0.00078125,0.004375050468822443,1,33.250383563050576
6.404004271197279,0.9284145445194745,0.00078125,0.004375050468822443,1,33.250383563050576
7.429639507594946,0.9284145445194745,0.00078125,0.004375050468822443,1,33.250383563050576
8.619535664753032,0.9284145445194745,0.00078125,0.004375050468822443,1,33.250383563050576
0.11601553017399716,1.0771050560367692,0.00078125,0.0006344672495980382,1,24.363542384564674
0.13459603241553642,1.0771050560367692,0.00078125,0.0006344672495980382,1,24.363542384564674
0.15615230060004973,1.0771050560367692,0.00078125,0.0006344672495980382,1,24.363542384564674
0.18116091942004142,1.0771050560367692,0.00078125,0.0006344672495980382,1,24.363542384564674
0.1,1.0771050560367692,0.00078125,0.0006344672495980382,1,24.363542384564674
0.21017480113324882,1.0771050560367692,0.00078125,0.0006344672495980382,1,24.363542384564674
0.2438354098268829,1.0771050560367692,0.00078125,0.0006344672495980382,1,24.363542384564674
0.28288694346259696,1.0771050560367692,0.00078125,0.0006344672495980382,1,24.363542384564674
0.3281927872511474,1.0771050560367692,0.00078125,0.0006344672495980382,1,24.363542384564674
0.3807546021222372,1.0771050560367692,0.00078125,0.0006344672495980382,1,24.363542384564674
0.4417344703140069,1.0771050560367692,0.00078125,0.0006344672495980382,1,24.363542384564674
0.5124805876960934,1.0771050560367692,0.00078125,0.0006344672495980382,1,24.363542384564674
0.5945570708544391,1.0771050560367692,0.00078125,0.0006344672495980382,1,24.363542384564674
0.6897785379387658,1.0771050560367692,0.00078125,0.0006344672495980382,1,24.363542384564674
0.8002502278161051,1.0771050560367692,0.00078125,0.0006344672495980382,1,24.363542384564674
0.9284145445194745,1.0771050560367692,0.00078125,0.0006344672495980382,1,24.363542384564674
1.0771050560367692,1.0771050560367692,4.8828125e-5,0.010151475993568611,1,10.151475993568612
1.2496091412919867,1.0771050560367692,4.8828125e-5,0.010151475993568611,1,10.151475993568612
1.4497406703726323,1.0771050560367692,0.00078125,0.0006344672495980382,1,24.363542384564674
1.6819243248808697,1.0771050560367692,0.00078125,0.0006344672495980382,1,24.363542384564674
1.9512934226359633,1.0771050560367692,0.00078125,0.0006344672495980382,1,24.363542384564674
10.0,1.0771050560367692,0.00078125,0.005075737996784306,1,38.57560877556074
2.2638034095214477,1.0771050560367692,4.8828125e-5,0.010151475993568611,1,10.151475993568612
2.6263635276533326,1.0771050560367692,4.8828125e-5,0.010151475993568611,1,10.151475993568612
3.046989570903508,1.0771050560367692,4.8828125e-5,0.010151475993568611,1,10.151475993568612
3.5349811050301057,1.0771050560367692,0.00078125,0.002537868998392153,1,34.51501837813329
4.1011270705513,1.0771050560367692,0.00078125,0.002537868998392153,1,34.51501837813329
4.7579443140094115,1.0771050560367692,4.8828125e-5,0.010151475993568611,1,10.151475993568612
5.5199543212815705,1.0771050560367692,0.00078125,0.005075737996784306,1,38.57560877556074
6.404004271197279,1.0771050560367692,0.00078125,0.005075737996784306,1,38.57560877556074
7.429639507594946,1.0771050560367692,0.00078125,0.005075737996784306,1,38.57560877556074
8.619535664753032,1.0771050560367692,0.00078125,0.005075737996784306,1,38.57560877556074
0.11601553017399716,1.2496091412919867,0.00078125,0.0007360805434015416,1,28.265492866619198
0.13459603241553642,1.2496091412919867,0.00078125,0.0007360805434015416,1,28.265492866619198
0.15615230060004973,1.2496091412919867,0.00078125,0.0007360805434015416,1,28.265492866619198
0.18116091942004142,1.2496091412919867,0.00078125,0.0007360805434015416,1,28.265492866619198
0.1,1.2496091412919867,0.00078125,0.0007360805434015416,1,28.265492866619198
0.21017480113324882,1.2496091412919867,0.00078125,0.0007360805434015416,1,28.265492866619198
0.2438354098268829,1.2496091412919867,0.00078125,0.0007360805434015416,1,28.265492866619198
0.28288694346259696,1.2496091412919867,0.00078125,0.0007360805434015416,1,28.265492866619198
0.3281927872511474,1.2496091412919867,0.00078125,0.0007360805434015416,1,28.265492866619198
0.3807546021222372,1.2496091412919867,0.00078125,0.0007360805434015416,1,28.265492866619198
0.4417344703140069,1.2496091412919867,0.00078125,0.0007360805434015416,1,28.265492866619198
0.5124805876960934,1.2496091412919867,0.00078125,0.0007360805434015416,1,28.265492866619198
0.5945570708544391,1.2496091412919867,0.00078125,0.0007360805434015416,1,28.265492866619198
0.6897785379387658,1.2496091412919867,0.00078125,0.0007360805434015416,1,28.265492866619198
0.8002502278161051,1.2496091412919867,0.00078125,0.0007360805434015416,1,28.265492866619198
0.9284145445194745,1.2496091412919867,4.8828125e-5,0.011777288694424666,1,11.777288694424666
1.0771050560367692,1.2496091412919867,4.8828125e-5,0.011777288694424666,1,11.777288694424666
1.2496091412919867,1.2496091412919867,4.8828125e-5,0.011777288694424666,1,11.777288694424666
1.4497406703726323,1.2496091412919867,0.00078125,0.0007360805434015416,1,28.265492866619198
1.6819243248808697,1.2496091412919867,0.00078125,0.0007360805434015416,1,28.265492866619198
1.9512934226359633,1.2496091412919867,0.00078125,0.0007360805434015416,1,28.265492866619198
10.0,1.2496091412919867,0.00078125,0.005888644347212333,1,44.75369703881374
2.2638034095214477,1.2496091412919867,0.00078125,0.0007360805434015416,1,28.265492866619198
2.6263635276533326,1.2496091412919867,4.8828125e-5,0.011777288694424666,1,11.777288694424666
3.046989570903508,1.2496091412919867,4.8828125e-5,0.011777288694424666,1,11.777288694424666
3.5349811050301057,1.2496091412919867,0.00078125,0.0029443221736061664,1,40.04278156104387
4.1011270705513,1.2496091412919867,0.00078125,0.0029443221736061664,1,40.04278156104387
4.7579443140094115,1.2496091412919867,0.00078125,0.0029443221736061664,1,40.04278156104387
5.5199543212815705,1.2496091412919867,0.00078125,0.005888644347212333,1,44.75369703881374
6.404004271197279,1.2496091412919867,0.00078125,0.005888644347212333,1,44.75369703881374
7.429639507594946,1.2496091412919867,0.00078125,0.005888644347212333,1,44.75369703881374
8.619535664753032,1.2496091412919867,0.00078125,0.005888644347212333,1,44.75369703881374
0.11601553017399716,1.4497406703726323,0.00078125,0.000853967744934938,1,32.79236140550162
0.13459603241553642,1.4497406703726323,0.00078125,0.000853967744934938,1,32.79236140550162
0.15615230060004973,1.4497406703726323,0.00078125,0.000853967744934938,1,32.79236140550162
0.18116091942004142,1.4497406703726323,0.00078125,0.000853967744934938,1,32.79236140550162
0.1,1.4497406703726323,0.00078125,0.000853967744934938,1,32.79236140550162
0.21017480113324882,1.4497406703726323,0.00078125,0.000853967744934938,1,32.79236140550162
0.2438354098268829,1.4497406703726323,0.00078125,0.000853967744934938,1,32.79236140550162
0.28288694346259696,1.4497406703726323,0.00078125,0.000853967744934938,1,32.79236140550162
0.3281927872511474,1.4497406703726323,0.00078125,0.000853967744934938,1,32.79236140550162
0.3807546021222372,1.4497406703726323,0.00078125,0.000853967744934938,1,32.79236140550162
0.4417344703140069,1.4497406703726323,0.00078125,0.000853967744934938,1,32.79236140550162
0.5124805876960934,1.4497406703726323,0.00078125,0.000853967744934938,1,32.79236140550162
0.5945570708544391,1.4497406703726323,0.00078125,0.000853967744934938,1,32.79236140550162
0.6897785379387658,1.4497406703726323,0.00078125,0.000853967744934938,1,32.79236140550162
0.8002502278161051,1.4497406703726323,4.8828125e-5,0.013663483918959008,1,13.663483918959008
0.9284145445194745,1.4497406703726323,4.8828125e-5,0.013663483918959008,1,13.663483918959008
1.0771050560367692,1.4497406703726323,4.8828125e-5,0.013663483918959008,1,13.663483918959008
1.2496091412919867,1.4497406703726323,0.00078125,0.000853967744934938,1,32.79236140550162
1.4497406703726323,1.4497406703726323,0.00078125,0.000853967744934938,1,32.79236140550162
1.6819243248808697,1.4497406703726323,0.00078125,0.000853967744934938,1,32.79236140550162
1.9512934226359633,1.4497406703726323,0.00078125,0.000853967744934938,1,32.79236140550162
10.0,1.4497406703726323,0.00078125,0.006831741959479504,1,51.92123889204424
2.2638034095214477,1.4497406703726323,0.00078125,0.000853967744934938,1,32.79236140550162
2.6263635276533326,1.4497406703726323,4.8828125e-5,0.013663483918959008,1,13.663483918959008
3.046989570903508,1.4497406703726323,4.8828125e-5,0.013663483918959008,1,13.663483918959008
3.5349811050301057,1.4497406703726323,0.00078125,0.003415870979739752,1,46.45584532446063
4.1011270705513,1.4497406703726323,0.00078125,0.001707935489869876,1,40.99045175687703
4.7579443140094115,1.4497406703726323,4.8828125e-5,0.013663483918959008,1,13.663483918959008
5.5199543212815705,1.4497406703726323,0.00078125,0.003415870979739752,1,46.45584532446063
6.404004271197279,1.4497406703726323,0.00078125,0.006831741959479504,1,51.92123889204424
7.429639507594946,1.4497406703726323,0.00078125,0.006831741959479504,1,51.92123889204424
8.619535664753032,1.4497406703726323,0.00078125,0.006831741959479504,1,51.92123889204424
0.11601553017399716,1.6819243248808697,0.00078125,0.0009907352068011961,1,38.04423194116594
0.13459603241553642,1.6819243248808697,0.00078125,0.0009907352068011961,1,38.04423194116594
0.15615230060004973,1.6819243248808697,0.00078125,0.0009907352068011961,1,38.04423194116594
0.18116091942004142,1.6819243248808697,0.00078125,0.0009907352068011961,1,38.04423194116594
0.1,1.6819243248808697,0.00078125,0.0009907352068011961,1,38.04423194116594
0.21017480113324882,1.6819243248808697,0.00078125,0.0009907352068011961,1,38.04423194116594
0.2438354098268829,1.6819243248808697,0.00078125,0.0009907352068011961,1,38.04423194116594
0.28288694346259696,1.6819243248808697,0.00078125,0.0009907352068011961,1,38.04423194116594
0.3281927872511474,1.6819243248808697,0.00078125,0.0009907352068011961,1,38.04423194116594
0.3807546021222372,1.6819243248808697,4.8828125e-5,0.01585176330881914,1,15.851763308819137
0.4417344703140069,1.6819243248808697,4.8828125e-5,0.01585176330881914,1,15.851763308819137
0.5124805876960934,1.6819243248808697,4.8828125e-5,0.01585176330881914,1,15.851763308819137
0.5945570708544391,1.6819243248808697,4.8828125e-5,0.01585176330881914,1,15.851763308819137
0.6897785379387658,1.6819243248808697,4.8828125e-5,0.01585176330881914,1,15.851763308819137
0.8002502278161051,1.6819243248808697,4.8828125e-5,0.01585176330881914,1,15.851763308819137
0.9284145445194745,1.6819243248808697,4.8828125e-5,0.01585176330881914,1,15.851763308819137
1.0771050560367692,1.6819243248808697,4.8828125e-5,0.01585176330881914,1,15.851763308819137
1.2496091412919867,1.6819243248808697,4.8828125e-5,0.01585176330881914,1,15.851763308819137
1.4497406703726323,1.6819243248808697,0.00078125,0.0009907352068011961,1,38.04423194116594
1.6819243248808697,1.6819243248808697,0.00078125,0.0009907352068011961,1,38.04423194116594
1.9512934226359633,1.6819243248808697,0.00078125,0.0009907352068011961,1,38.04423194116594
10.0,1.6819243248808697,0.00078125,0.00792588165440957,1,60.23670057351274
2.2638034095214477,1.6819243248808697,4.8828125e-5,0.01585176330881914,1,15.851763308819137
2.6263635276533326,1.6819243248808697,4.8828125e-5,0.01585176330881914,1,15.851763308819137
3.046989570903508,1.6819243248808697,4.8828125e-5,0.01585176330881914,1,15.851763308819137
3.5349811050301057,1.6819243248808697,0.00078125,0.0019814704136023923,1,47.55528992645743
4.1011270705513,1.6819243248808697,0.00078125,0.0019814704136023923,1,47.55528992645743
4.7579443140094115,1.6819243248808697,4.8828125e-5,0.01585176330881914,1,15.851763308819137
5.5199543212815705,1.6819243248808697,0.00078125,0.003962940827204785,1,53.895995249985084
6.404004271197279,1.6819243248808697,0.00078125,0.003962940827204785,1,53.895995249985084
7.429639507594946,1.6819243248808697,0.00078125,0.00792588165440957,1,60.23670057351274
8.619535664753032,1.6819243248808697,0.00078125,0.00792588165440957,1,60.23670057351274
0.11601553017399716,1.9512934226359633,4.8828125e-5,0.018390507244653683,1,18.390507244653683
0.13459603241553642,1.9512934226359633,4.8828125e-5,0.018390507244653683,1,18.390507244653683
0.15615230060004973,1.9512934226359633,4.8828125e-5,0.018390507244653683,1,18.390507244653683
0.18116091942004142,1.9512934226359633,4.8828125e-5,0.018390507244653683,1,18.390507244653683
0.1,1.9512934226359633,4.8828125e-5,0.018390507244653683,1,18.390507244653683
0.21017480113324882,1.9512934226359633,4.8828125e-5,0.018390507244653683,1,18.390507244653683
0.2438354098268829,1.9512934226359633,4.8828125e-5,0.018390507244653683,1,18.390507244653683
0.28288694346259696,1.9512934226359633,4.8828125e-5,0.018390507244653683,1,18.390507244653683
0.3281927872511474,1.9512934226359633,4.8828125e-5,0.018390507244653683,1,18.390507244653683
0.3807546021222372,1.9512934226359633,4.8828125e-5,0.018390507244653683,1,18.390507244653683
0.4417344703140069,1.9512934226359633,4.8828125e-5,0.018390507244653683,1,18.390507244653683
0.5124805876960934,1.9512934226359633,4.8828125e-5,0.018390507244653683,1,18.390507244653683
0.5945570708544391,1.9512934226359633,4.8828125e-5,0.018390507244653683,1,18.390507244653683
0.6897785379387658,1.9512934226359633,4.8828125e-5,0.018390507244653683,1,18.390507244653683
0.8002502278161051,1.9512934226359633,4.8828125e-5,0.018390507244653683,1,18.390507244653683
0.9284145445194745,1.9512934226359633,4.8828125e-5,0.018390507244653683,1,18.390507244653683
1.0771050560367692,1.9512934226359633,4.8828125e-5,0.018390507244653683,1,18.390507244653683
1.2496091412919867,1.9512934226359633,4.8828125e-5,0.018390507244653683,1,18.390507244653683
1.4497406703726323,1.9512934226359633,4.8828125e-5,0.018390507244653683,1,18.390507244653683
1.6819243248808697,1.9512934226359633,4.8828125e-5,0.018390507244653683,1,18.390507244653683
1.9512934226359633,1.9512934226359633,4.8828125e-5,0.018390507244653683,1,18.390507244653683
10.0,1.9512934226359633,0.00078125,0.009195253622326842,1,69.88392752968402
2.2638034095214477,1.9512934226359633,4.8828125e-5,0.018390507244653683,1,18.390507244653683
2.6263635276533326,1.9512934226359633,4.8828125e-5,0.018390507244653683,1,18.390507244653683
3.046989570903508,1.9512934226359633,4.8828125e-5,0.018390507244653683,1,18.390507244653683
3.5349811050301057,1.9512934226359633,0.00078125,0.0011494067027908552,1,44.137217387168846
4.1011270705513,1.9512934226359633,0.00078125,0.0022988134055817104,1,55.171521733961065
4.7579443140094115,1.9512934226359633,4.8828125e-5,0.018390507244653683,1,18.390507244653683
5.5199543212815705,1.9512934226359633,0.00078125,0.004597626811163421,1,62.527724631822544
6.404004271197279,1.9512934226359633,0.00078125,0.004597626811163421,1,62.527724631822544
7.429639507594946,1.9512934226359633,0.00078125,0.004597626811163421,1,62.527724631822544
8.619535664753032,1.9512934226359633,0.00078125,0.009195253622326842,1,69.88392752968402
0.11601553017399716,10.0,4.8828125e-5,0.09424777960769382,1,94.24777960769381
0.13459603241553642,10.0,4.8828125e-5,0.09424777960769382,1,94.24777960769381
0.15615230060004973,10.0,4.8828125e-5,0.09424777960769382,1,94.24777960769381
0.18116091942004142,10.0,4.8828125e-5,0.09424777960769382,1,94.24777960769381
0.1,10.0,4.8828125e-5,0.09424777960769382,1,94.24777960769381
0.21017480113324882,10.0,4.8828125e-5,0.09424777960769382,1,94.24777960769381
0.2438354098268829,10.0,4.8828125e-5,0.09424777960769382,1,94.24777960769381
0.28288694346259696,10.0,4.8828125e-5,0.09424777960769382,1,94.24777960769381
0.3281927872511474,10.0,4.8828125e-5,0.09424777960769382,1,94.24777960769381
0.3807546021222372,10.0,4.8828125e-5,0.09424777960769382,1,94.24777960769381
0.4417344703140069,10.0,4.8828125e-5,0.09424777960769382,1,94.24777960769381
0.5124805876960934,10.0,4.8828125e-5,0.09424777960769382,1,94.24777960769381
0.5945570708544391,10.0,4.8828125e-5,0.09424777960769382,1,94.24777960769381
0.6897785379387658,10.0,4.8828125e-5,0.09424777960769382,1,94.24777960769381
0.8002502278161051,10.0,4.8828125e-5,0.09424777960769382,1,94.24777960769381
0.9284145445194745,10.0,4.8828125e-5,0.09424777960769382,1,94.24777960769381
1.0771050560367692,10.0,4.8828125e-5,0.09424777960769382,1,94.24777960769381
1.2496091412919867,10.0,4.8828125e-5,0.09424777960769382,1,94.24777960769381
1.4497406703726323,10.0,4.8828125e-5,0.09424777960769382,1,94.24777960769381
1.6819243248808697,10.0,4.8828125e-5,0.09424777960769382,1,94.24777960769381
1.9512934226359633,10.0,4.8828125e-5,0.09424777960769382,1,94.24777960769381
10.0,10.0,4.8828125e-5,0.09424777960769382,1,94.24777960769381
2.2638034095214477,10.0,4.8828125e-5,0.09424777960769382,1,94.24777960769381
2.6263635276533326,10.0,4.8828125e-5,0.09424777960769382,1,94.24777960769381
3.046989570903508,10.0,4.8828125e-5,0.09424777960769382,1,94.24777960769381
3.5349811050301057,10.0,4.8828125e-5,0.09424777960769382,1,94.24777960769381
4.1011270705513,10.0,4.8828125e-5,0.09424777960769382,1,94.24777960769381
4.7579443140094115,10.0,4.8828125e-5,0.09424777960769382,1,94.24777960769381
5.5199543212815705,10.0,4.8828125e-5,0.09424777960769382,1,94.24777960769381
6.404004271197279,10.0,4.8828125e-5,0.09424777960769382,1,94.24777960769381
7.429639507594946,10.0,4.8828125e-5,0.09424777960769382,1,94.24777960769381
8.619535664753032,10.0,4.8828125e-5,0.09424777960769382,1,94.24777960769381
0.11601553017399716,2.2638034095214477,4.8828125e-5,0.021335844481572316,1,21.335844481572316
0.13459603241553642,2.2638034095214477,4.8828125e-5,0.021335844481572316,1,21.335844481572316
0.15615230060004973,2.2638034095214477,4.8828125e-5,0.021335844481572316,1,21.335844481572316
0.18116091942004142,2.2638034095214477,4.8828125e-5,0.021335844481572316,1,21.335844481572316
0.1,2.2638034095214477,4.8828125e-5,0.021335844481572316,1,21.335844481572316
0.21017480113324882,2.2638034095214477,4.8828125e-5,0.021335844481572316,1,21.335844481572316
0.2438354098268829,2.2638034095214477,4.8828125e-5,0.021335844481572316,1,21.335844481572316
0.28288694346259696,2.2638034095214477,4.8828125e-5,0.021335844481572316,1,21.335844481572316
0.3281927872511474,2.2638034095214477,4.8828125e-5,0.021335844481572316,1,21.335844481572316
0.3807546021222372,2.2638034095214477,4.8828125e-5,0.021335844481572316,1,21.335844481572316
0.4417344703140069,2.2638034095214477,4.8828125e-5,0.021335844481572316,1,21.335844481572316
0.5124805876960934,2.2638034095214477,4.8828125e-5,0.021335844481572316,1,21.335844481572316
0.5945570708544391,2.2638034095214477,4.8828125e-5,0.021335844481572316,1,21.335844481572316
0.6897785379387658,2.2638034095214477,4.8828125e-5,0.021335844481572316,1,21.335844481572316
0.8002502278161051,2.2638034095214477,4.8828125e-5,0.021335844481572316,1,21.335844481572316
0.9284145445194745,2.2638034095214477,4.8828125e-5,0.021335844481572316,1,21.335844481572316
1.0771050560367692,2.2638034095214477,4.8828125e-5,0.021335844481572316,1,21.335844481572316
1.2496091412919867,2.2638034095214477,4.8828125e-5,0.021335844481572316,1,21.335844481572316
1.4497406703726323,2.2638034095214477,4.8828125e-5,0.021335844481572316,1,21.335844481572316
1.6819243248808697,2.2638034095214477,4.8828125e-5,0.021335844481572316,1,21.335844481572316
1.9512934226359633,2.2638034095214477,4.8828125e-5,0.021335844481572316,1,21.335844481572316
10.0,2.2638034095214477,0.00078125,0.010667922240786158,1,81.0762090299748
2.2638034095214477,2.2638034095214477,4.8828125e-5,0.021335844481572316,1,21.335844481572316
2.6263635276533326,2.2638034095214477,4.8828125e-5,0.021335844481572316,1,21.335844481572316
3.046989570903508,2.2638034095214477,4.8828125e-5,0.021335844481572316,1,21.335844481572316
3.5349811050301057,2.2638034095214477,0.00078125,0.0013334902800982698,1,51.20602675577357
4.1011270705513,2.2638034095214477,4.8828125e-5,0.021335844481572316,1,21.335844481572316
4.7579443140094115,2.2638034095214477,4.8828125e-5,0.021335844481572316,1,21.335844481572316
5.5199543212815705,2.2638034095214477,0.00078125,0.0026669805601965395,1,64.00753344471697
6.404004271197279,2.2638034095214477,0.00078125,0.005333961120393079,1,72.54187123734589
7.429639507594946,2.2638034095214477,0.00078125,0.005333961120393079,1,72.54187123734589
8.619535664753032,2.2638034095214477,0.00078125,0.005333961120393079,1,72.54187123734589
0.11601553017399716,2.6263635276533326,4.8828125e-5,0.024752893092395655,1,24.752893092395656
0.13459603241553642,2.6263635276533326,4.8828125e-5,0.024752893092395655,1,24.752893092395656
0.15615230060004973,2.6263635276533326,4.8828125e-5,0.024752893092395655,1,24.752893092395656
0.18116091942004142,2.6263635276533326,4.8828125e-5,0.024752893092395655,1,24.752893092395656
0.1,2.6263635276533326,4.8828125e-5,0.024752893092395655,1,24.752893092395656
0.21017480113324882,2.6263635276533326,4.8828125e-5,0.024752893092395655,1,24.752893092395656
0.2438354098268829,2.6263635276533326,4.8828125e-5,0.024752893092395655,1,24.752893092395656
0.28288694346259696,2.6263635276533326,4.8828125e-5,0.024752893092395655,1,24.752893092395656
0.3281927872511474,2.6263635276533326,4.8828125e-5,0.024752893092395655,1,24.752893092395656
0.3807546021222372,2.6263635276533326,4.8828125e-5,0.024752893092395655,1,24.752893092395656
0.4417344703140069,2.6263635276533326,4.8828125e-5,0.024752893092395655,1,24.752893092395656
0.5124805876960934,2.6263635276533326,4.8828125e-5,0.024752893092395655,1,24.752893092395656
0.5945570708544391,2.6263635276533326,4.8828125e-5,0.024752893092395655,1,24.752893092395656
0.6897785379387658,2.6263635276533326,4.8828125e-5,0.024752893092395655,1,24.752893092395656
0.8002502278161051,2.6263635276533326,4.8828125e-5,0.024752893092395655,1,24.752893092395656
0.9284145445194745,2.6263635276533326,4.8828125e-5,0.024752893092395655,1,24.752893092395656
1.0771050560367692,2.6263635276533326,4.8828125e-5,0.024752893092395655,1,24.752893092395656
1.2496091412919867,2.6263635276533326,4.8828125e-5,0.024752893092395655,1,24.752893092395656
1.4497406703726323,2.6263635276533326,4.8828125e-5,0.024752893092395655,1,24.752893092395656
1.6819243248808697,2.6263635276533326,4.8828125e-5,0.024752893092395655,1,24.752893092395656
1.9512934226359633,2.6263635276533326,4.8828125e-5,0.024752893092395655,1,24.752893092395656
10.0,2.6263635276533326,0.00078125,0.006188223273098914,1,84.1598365141452
2.2638034095214477,2.6263635276533326,4.8828125e-5,0.024752893092395655,1,24.752893092395656
2.6263635276533326,2.6263635276533326,4.8828125e-5,0.024752893092395655,1,24.752893092395656
3.046989570903508,2.6263635276533326,4.8828125e-5,0.024752893092395655,1,24.752893092395656
3.5349811050301057,2.6263635276533326,0.00078125,0.0015470558182747284,1,59.40694342174956
4.1011270705513,2.6263635276533326,4.8828125e-5,0.024752893092395655,1,24.752893092395656
4.7579443140094115,2.6263635276533326,4.8828125e-5,0.024752893092395655,1,24.752893092395656
5.5199543212815705,2.6263635276533326,0.00078125,0.003094111636549457,1,74.25867927718694
6.404004271197279,2.6263635276533326,0.00078125,0.006188223273098914,1,84.1598365141452
7.429639507594946,2.6263635276533326,0.00078125,0.006188223273098914,1,84.1598365141452
8.619535664753032,2.6263635276533326,0.00078125,0.006188223273098914,1,84.1598365141452
0.11601553017399716,3.046989570903508,4.8828125e-5,0.02871720015454553,1,28.71720015454553
0.13459603241553642,3.046989570903508,4.8828125e-5,0.02871720015454553,1,28.71720015454553
0.15615230060004973,3.046989570903508,4.8828125e-5,0.02871720015454553,1,28.71720015454553
0.18116091942004142,3.046989570903508,4.8828125e-5,0.02871720015454553,1,28.71720015454553
0.1,3.046989570903508,4.8828125e-5,0.02871720015454553,1,28.71720015454553
0.21017480113324882,3.046989570903508,4.8828125e-5,0.02871720015454553,1,28.71720015454553
0.2438354098268829,3.046989570903508,4.8828125e-5,0.02871720015454553,1,28.71720015454553
0.28288694346259696,3.046989570903508,4.8828125e-5,0.02871720015454553,1,28.71720015454553
0.3281927872511474,3.046989570903508,4.8828125e-5,0.02871720015454553,1,28.71720015454553
0.3807546021222372,3.046989570903508,4.8828125e-5,0.02871720015454553,1,28.71720015454553
0.4417344703140069,3.046989570903508,4.8828125e-5,0.02871720015454553,1,28.71720015454553
0.5124805876960934,3.046989570903508,4.8828125e-5,0.02871720015454553,1,28.71720015454553
0.5945570708544391,3.046989570903508,4.8828125e-5,0.02871720015454553,1,28.71720015454553
0.6897785379387658,3.046989570903508,4.8828125e-5,0.02871720015454553,1,28.71720015454553
0.8002502278161051,3.046989570903508,4.8828125e-5,0.02871720015454553,1,28.71720015454553
0.9284145445194745,3.046989570903508,4.8828125e-5,0.02871720015454553,1,28.71720015454553
1.0771050560367692,3.046989570903508,4.8828125e-5,0.02871720015454553,1,28.71720015454553
1.2496091412919867,3.046989570903508,4.8828125e-5,0.02871720015454553,1,28.71720015454553
1.4497406703726323,3.046989570903508,4.8828125e-5,0.02871720015454553,1,28.71720015454553
1.6819243248808697,3.046989570903508,4.8828125e-5,0.02871720015454553,1,28.71720015454553
1.9512934226359633,3.046989570903508,4.8828125e-5,0.02871720015454553,1,28.71720015454553
10.0,3.046989570903508,0.00078125,0.007179300038636383,1,103.38192055636395
2.2638034095214477,3.046989570903508,4.8828125e-5,0.02871720015454553,1,28.71720015454553
2.6263635276533326,3.046989570903508,4.8828125e-5,0.02871720015454553,1,28.71720015454553
3.046989570903508,3.046989570903508,4.8828125e-5,0.02871720015454553,1,28.71720015454553
3.5349811050301057,3.046989570903508,4.8828125e-5,0.02871720015454553,1,28.71720015454553
4.1011270705513,3.046989570903508,4.8828125e-5,0.02871720015454553,1,28.71720015454553
4.7579443140094115,3.046989570903508,4.8828125e-5,0.02871720015454553,1,28.71720015454553
5.5199543212815705,3.046989570903508,0.00078125,0.007179300038636383,1,97.63848052545484
6.404004271197279,3.046989570903508,4.8828125e-5,0.02871720015454553,1,28.71720015454553
7.429639507594946,3.046989570903508,0.00078125,0.007179300038636383,1,97.63848052545484
8.619535664753032,3.046989570903508,0.00078125,0.007179300038636383,1,103.38192055636395
0.11601553017399716,3.5349811050301057,4.8828125e-5,0.03331641201042392,1,33.316412010423925
0.13459603241553642,3.5349811050301057,4.8828125e-5,0.03331641201042392,1,33.316412010423925
0.15615230060004973,3.5349811050301057,4.8828125e-5,0.03331641201042392,1,33.316412010423925
0.18116091942004142,3.5349811050301057,4.8828125e-5,0.03331641201042392,1,33.316412010423925
0.1,3.5349811050301057,4.8828125e-5,0.03331641201042392,1,33.316412010423925
0.21017480113324882,3.5349811050301057,4.8828125e-5,0.03331641201042392,1,33.316412010423925
0.2438354098268829,3.5349811050301057,4.8828125e-5,0.03331641201042392,1,33.316412010423925
0.28288694346259696,3.5349811050301057,4.8828125e-5,0.03331641201042392,1,33.316412010423925
0.3281927872511474,3.5349811050301057,4.8828125e-5,0.03331641201042392,1,33.316412010423925
0.3807546021222372,3.5349811050301057,4.8828125e-5,0.03331641201042392,1,33.316412010423925
0.4417344703140069,3.5349811050301057,4.8828125e-5,0.03331641201042392,1,33.316412010423925
0.5124805876960934,3.5349811050301057,4.8828125e-5,0.03331641201042392,1,33.316412010423925
0.5945570708544391,3.5349811050301057,4.8828125e-5,0.03331641201042392,1,33.316412010423925
0.6897785379387658,3.5349811050301057,4.8828125e-5,0.03331641201042392,1,33.316412010423925
0.8002502278161051,3.5349811050301057,4.8828125e-5,0.03331641201042392,1,33.316412010423925
0.9284145445194745,3.5349811050301057,4.8828125e-5,0.03331641201042392,1,33.316412010423925
1.0771050560367692,3.5349811050301057,4.8828125e-5,0.03331641201042392,1,33.316412010423925
1.2496091412919867,3.5349811050301057,4.8828125e-5,0.03331641201042392,1,33.316412010423925
1.4497406703726323,3.5349811050301057,4.8828125e-5,0.03331641201042392,1,33.316412010423925
1.6819243248808697,3.5349811050301057,4.8828125e-5,0.03331641201042392,1,33.316412010423925
1.9512934226359633,3.5349811050301057,4.8828125e-5,0.03331641201042392,1,33.316412010423925
10.0,3.5349811050301057,0.00078125,0.00832910300260598,1,113.27580083544139
2.2638034095214477,3.5349811050301057,4.8828125e-5,0.03331641201042392,1,33.316412010423925
2.6263635276533326,3.5349811050301057,4.8828125e-5,0.03331641201042392,1,33.316412010423925
3.046989570903508,3.5349811050301057,4.8828125e-5,0.03331641201042392,1,33.316412010423925
3.5349811050301057,3.5349811050301057,4.8828125e-5,0.03331641201042392,1,33.316412010423925
4.1011270705513,3.5349811050301057,4.8828125e-5,0.03331641201042392,1,33.316412010423925
4.7579443140094115,3.5349811050301057,4.8828125e-5,0.03331641201042392,1,33.316412010423925
5.5199543212815705,3.5349811050301057,0.00078125,0.00416455150130299,1,99.94923603127181
6.404004271197279,3.5349811050301057,4.8828125e-5,0.03331641201042392,1,33.316412010423925
7.429639507594946,3.5349811050301057,0.00078125,0.00832910300260598,1,113.27580083544139
8.619535664753032,3.5349811050301057,0.00078125,0.00832910300260598,1,113.27580083544139
0.11601553017399716,4.1011270705513,4.8828125e-5,0.038652212028846576,1,38.65221202884658
0.13459603241553642,4.1011270705513,4.8828125e-5,0.038652212028846576,1,38.65221202884658
0.15615230060004973,4.1011270705513,4.8828125e-5,0.038652212028846576,1,38.65221202884658
0.18116091942004142,4.1011270705513,4.8828125e-5,0.038652212028846576,1,38.65221202884658
0.1,4.1011270705513,4.8828125e-5,0.038652212028846576,1,38.65221202884658
0.21017480113324882,4.1011270705513,4.8828125e-5,0.038652212028846576,1,38.65221202884658
0.2438354098268829,4.1011270705513,4.8828125e-5,0.038652212028846576,1,38.65221202884658
0.28288694346259696,4.1011270705513,4.8828125e-5,0.038652212028846576,1,38.65221202884658
0.3281927872511474,4.1011270705513,4.8828125e-5,0.038652212028846576,1,38.65221202884658
0.3807546021222372,4.1011270705513,4.8828125e-5,0.038652212028846576,1,38.65221202884658
0.4417344703140069,4.1011270705513,4.8828125e-5,0.038652212028846576,1,38.65221202884658
0.5124805876960934,4.1011270705513,4.8828125e-5,0.038652212028846576,1,38.65221202884658
0.5945570708544391,4.1011270705513,4.8828125e-5,0.038652212028846576,1,38.65221202884658
0.6897785379387658,4.1011270705513,4.8828125e-5,0.038652212028846576,1,38.65221202884658
0.8002502278161051,4.1011270705513,4.8828125e-5,0.038652212028846576,1,38.65221202884658
0.9284145445194745,4.1011270705513,4.8828125e-5,0.038652212028846576,1,38.65221202884658
1.0771050560367692,4.1011270705513,4.8828125e-5,0.038652212028846576,1,38.65221202884658
1.2496091412919867,4.1011270705513,4.8828125e-5,0.038652212028846576,1,38.65221202884658
1.4497406703726323,4.1011270705513,4.8828125e-5,0.038652212028846576,1,38.65221202884658
1.6819243248808697,4.1011270705513,4.8828125e-5,0.038652212028846576,1,38.65221202884658
1.9512934226359633,4.1011270705513,4.8828125e-5,0.038652212028846576,1,38.65221202884658
10.0,4.1011270705513,0.00078125,0.009663053007211644,1,131.41752089807832
2.2638034095214477,4.1011270705513,4.8828125e-5,0.038652212028846576,1,38.65221202884658
2.6263635276533326,4.1011270705513,4.8828125e-5,0.038652212028846576,1,38.65221202884658
3.046989570903508,4.1011270705513,4.8828125e-5,0.038652212028846576,1,38.65221202884658
3.5349811050301057,4.1011270705513,4.8828125e-5,0.038652212028846576,1,38.65221202884658
4.1011270705513,4.1011270705513,4.8828125e-5,0.038652212028846576,1,38.65221202884658
4.7579443140094115,4.1011270705513,4.8828125e-5,0.038652212028846576,1,38.65221202884658
5.5199543212815705,4.1011270705513,0.00078125,0.004831526503605822,1,115.9566360865397
6.404004271197279,4.1011270705513,4.8828125e-5,0.038652212028846576,1,38.65221202884658
7.429639507594946,4.1011270705513,0.00078125,0.009663053007211644,1,131.41752089807832
8.619535664753032,4.1011270705513,4.8828125e-5,0.038652212028846576,1,38.65221202884658
0.11601553017399716,4.7579443140094115,4.8828125e-5,0.044842568709243885,1,44.842568709243885
0.13459603241553642,4.7579443140094115,4.8828125e-5,0.044842568709243885,1,44.842568709243885
0.15615230060004973,4.7579443140094115,4.8828125e-5,0.044842568709243885,1,44.842568709243885
0.18116091942004142,4.7579443140094115,4.8828125e-5,0.044842568709243885,1,44.842568709243885
0.1,4.7579443140094115,4.8828125e-5,0.044842568709243885,1,44.842568709243885
0.21017480113324882,4.7579443140094115,4.8828125e-5,0.044842568709243885,1,44.842568709243885
0.2438354098268829,4.7579443140094115,4.8828125e-5,0.044842568709243885,1,44.842568709243885
0.28288694346259696,4.7579443140094115,4.8828125e-5,0.044842568709243885,1,44.842568709243885
0.3281927872511474,4.7579443140094115,4.8828125e-5,0.044842568709243885,1,44.842568709243885
0.3807546021222372,4.7579443140094115,4.8828125e-5,0.044842568709243885,1,44.842568709243885
0.4417344703140069,4.7579443140094115,4.8828125e-5,0.044842568709243885,1,44.842568709243885
0.5124805876960934,4.7579443140094115,4.8828125e-5,0.044842568709243885,1,44.842568709243885
0.5945570708544391,4.7579443140094115,4.8828125e-5,0.044842568709243885,1,44.842568709243885
0.6897785379387658,4.7579443140094115,4.8828125e-5,0.044842568709243885,1,44.842568709243885
0.8002502278161051,4.7579443140094115,4.8828125e-5,0.044842568709243885,1,44.842568709243885
0.9284145445194745,4.7579443140094115,4.8828125e-5,0.044842568709243885,1,44.842568709243885
1.0771050560367692,4.7579443140094115,4.8828125e-5,0.044842568709243885,1,44.842568709243885
1.2496091412919867,4.7579443140094115,4.8828125e-5,0.044842568709243885,1,44.842568709243885
1.4497406703726323,4.7579443140094115,4.8828125e-5,0.044842568709243885,1,44.842568709243885
1.6819243248808697,4.7579443140094115,4.8828125e-5,0.044842568709243885,1,44.842568709243885
1.9512934226359633,4.7579443140094115,4.8828125e-5,0.044842568709243885,1,44.842568709243885
10.0,4.7579443140094115,0.00078125,0.011210642177310971,1,152.4647336114292
2.2638034095214477,4.7579443140094115,4.8828125e-5,0.044842568709243885,1,44.842568709243885
2.6263635276533326,4.7579443140094115,4.8828125e-5,0.044842568709243885,1,44.842568709243885
3.046989570903508,4.7579443140094115,4.8828125e-5,0.044842568709243885,1,44.842568709243885
3.5349811050301057,4.7579443140094115,4.8828125e-5,0.044842568709243885,1,44.842568709243885
4.1011270705513,4.7579443140094115,4.8828125e-5,0.044842568709243885,1,44.842568709243885
4.7579443140094115,4.7579443140094115,4.8828125e-5,0.044842568709243885,1,44.842568709243885
5.5199543212815705,4.7579443140094115,4.8828125e-5,0.044842568709243885,1,44.842568709243885
6.404004271197279,4.7579443140094115,4.8828125e-5,0.044842568709243885,1,44.842568709243885
7.429639507594946,4.7579443140094115,0.00078125,0.011210642177310971,1,152.4647336114292
8.619535664753032,4.7579443140094115,4.8828125e-5,0.044842568709243885,1,44.842568709243885
0.11601553017399716,5.5199543212815705,4.8828125e-5,0.05202434383166824,1,52.02434383166824
0.13459603241553642,5.5199543212815705,4.8828125e-5,0.05202434383166824,1,52.02434383166824
0.15615230060004973,5.5199543212815705,4.8828125e-5,0.05202434383166824,1,52.02434383166824
0.18116091942004142,5.5199543212815705,4.8828125e-5,0.05202434383166824,1,52.02434383166824
0.1,5.5199543212815705,4.8828125e-5,0.05202434383166824,1,52.02434383166824
0.21017480113324882,5.5199543212815705,4.8828125e-5,0.05202434383166824,1,52.02434383166824
0.2438354098268829,5.5199543212815705,4.8828125e-5,0.05202434383166824,1,52.02434383166824
0.28288694346259696,5.5199543212815705,4.8828125e-5,0.05202434383166824,1,52.02434383166824
0.3281927872511474,5.5199543212815705,4.8828125e-5,0.05202434383166824,1,52.02434383166824
0.3807546021222372,5.5199543212815705,4.8828125e-5,0.05202434383166824,1,52.02434383166824
0.4417344703140069,5.5199543212815705,4.8828125e-5,0.05202434383166824,1,52.02434383166824
0.5124805876960934,5.5199543212815705,4.8828125e-5,0.05202434383166824,1,52.02434383166824
0.5945570708544391,5.5199543212815705,4.8828125e-5,0.05202434383166824,1,52.02434383166824
0.6897785379387658,5.5199543212815705,4.8828125e-5,0.05202434383166824,1,52.02434383166824
0.8002502278161051,5.5199543212815705,4.8828125e-5,0.05202434383166824,1,52.02434383166824
0.9284145445194745,5.5199543212815705,4.8828125e-5,0.05202434383166824,1,52.02434383166824
1.0771050560367692,5.5199543212815705,4.8828125e-5,0.05202434383166824,1,52.02434383166824
1.2496091412919867,5.5199543212815705,4.8828125e-5,0.05202434383166824,1,52.02434383166824
1.4497406703726323,5.5199543212815705,4.8828125e-5,0.05202434383166824,1,52.02434383166824
1.6819243248808697,5.5199543212815705,4.8828125e-5,0.05202434383166824,1,52.02434383166824
1.9512934226359633,5.5199543212815705,4.8828125e-5,0.05202434383166824,1,52.02434383166824
10.0,5.5199543212815705,0.00078125,0.01300608595791706,1,176.88276902767205
2.2638034095214477,5.5199543212815705,4.8828125e-5,0.05202434383166824,1,52.02434383166824
2.6263635276533326,5.5199543212815705,4.8828125e-5,0.05202434383166824,1,52.02434383166824
3.046989570903508,5.5199543212815705,4.8828125e-5,0.05202434383166824,1,52.02434383166824
3.5349811050301057,5.5199543212815705,4.8828125e-5,0.05202434383166824,1,52.02434383166824
4.1011270705513,5.5199543212815705,4.8828125e-5,0.05202434383166824,1,52.02434383166824
4.7579443140094115,5.5199543212815705,4.8828125e-5,0.05202434383166824,1,52.02434383166824
5.5199543212815705,5.5199543212815705,4.8828125e-5,0.05202434383166824,1,52.02434383166824
6.404004271197279,5.5199543212815705,4.8828125e-5,0.05202434383166824,1,52.02434383166824
7.429639507594946,5.5199543212815705,4.8828125e-5,0.05202434383166824,1,52.02434383166824
8.619535664753032,5.5199543212815705,4.8828125e-5,0.05202434383166824,1,52.02434383166824
0.11601553017399716,6.404004271197279,4.8828125e-5,0.060356318315853086,1,60.35631831585309
0.13459603241553642,6.404004271197279,4.8828125e-5,0.060356318315853086,1,60.35631831585309
0.15615230060004973,6.404004271197279,4.8828125e-5,0.060356318315853086,1,60.35631831585309
0.18116091942004142,6.404004271197279,4.8828125e-5,0.060356318315853086,1,60.35631831585309
0.1,6.404004271197279,4.8828125e-5,0.060356318315853086,1,60.35631831585309
0.21017480113324882,6.404004271197279,4.8828125e-5,0.060356318315853086,1,60.35631831585309
0.2438354098268829,6.404004271197279,4.8828125e-5,0.060356318315853086,1,60.35631831585309
0.28288694346259696,6.404004271197279,4.8828125e-5,0.060356318315853086,1,60.35631831585309
0.3281927872511474,6.404004271197279,4.8828125e-5,0.060356318315853086,1,60.35631831585309
0.3807546021222372,6.404004271197279,4.8828125e-5,0.060356318315853086,1,60.35631831585309
0.4417344703140069,6.404004271197279,4.8828125e-5,0.060356318315853086,1,60.35631831585309
0.5124805876960934,6.404004271197279,4.8828125e-5,0.060356318315853086,1,60.35631831585309
0.5945570708544391,6.404004271197279,4.8828125e-5,0.060356318315853086,1,60.35631831585309
0.6897785379387658,6.404004271197279,4.8828125e-5,0.060356318315853086,1,60.35631831585309
0.8002502278161051,6.404004271197279,4.8828125e-5,0.060356318315853086,1,60.35631831585309
0.9284145445194745,6.404004271197279,4.8828125e-5,0.060356318315853086,1,60.35631831585309
1.0771050560367692,6.404004271197279,4.8828125e-5,0.060356318315853086,1,60.35631831585309
1.2496091412919867,6.404004271197279,4.8828125e-5,0.060356318315853086,1,60.35631831585309
1.4497406703726323,6.404004271197279,4.8828125e-5,0.060356318315853086,1,60.35631831585309
1.6819243248808697,6.404004271197279,4.8828125e-5,0.060356318315853086,1,60.35631831585309
1.9512934226359633,6.404004271197279,4.8828125e-5,0.060356318315853086,1,60.35631831585309
10.0,6.404004271197279,4.8828125e-5,0.060356318315853086,1,60.35631831585309
2.2638034095214477,6.404004271197279,4.8828125e-5,0.060356318315853086,1,60.35631831585309
2.6263635276533326,6.404004271197279,4.8828125e-5,0.060356318315853086,1,60.35631831585309
3.046989570903508,6.404004271197279,4.8828125e-5,0.060356318315853086,1,60.35631831585309
3.5349811050301057,6.404004271197279,4.8828125e-5,0.060356318315853086,1,60.35631831585309
4.1011270705513,6.404004271197279,4.8828125e-5,0.060356318315853086,1,60.35631831585309
4.7579443140094115,6.404004271197279,4.8828125e-5,0.060356318315853086,1,60.35631831585309
5.5199543212815705,6.404004271197279,4.8828125e-5,0.060356318315853086,1,60.35631831585309
6.404004271197279,6.404004271197279,4.8828125e-5,0.060356318315853086,1,60.35631831585309
7.429639507594946,6.404004271197279,4.8828125e-5,0.060356318315853086,1,60.35631831585309
8.619535664753032,6.404004271197279,4.8828125e-5,0.060356318315853086,1,60.35631831585309
0.11601553017399716,7.429639507594946,4.8828125e-5,0.07002270268764232,1,70.02270268764232
0.13459603241553642,7.429639507594946,4.8828125e-5,0.07002270268764232,1,70.02270268764232
0.15615230060004973,7.429639507594946,4.8828125e-5,0.07002270268764232,1,70.02270268764232
0.18116091942004142,7.429639507594946,4.8828125e-5,0.07002270268764232,1,70.02270268764232
0.1,7.429639507594946,4.8828125e-5,0.07002270268764232,1,70.02270268764232
0.21017480113324882,7.429639507594946,4.8828125e-5,0.07002270268764232,1,70.02270268764232
0.2438354098268829,7.429639507594946,4.8828125e-5,0.07002270268764232,1,70.02270268764232
0.28288694346259696,7.429639507594946,4.8828125e-5,0.07002270268764232,1,70.02270268764232
0.3281927872511474,7.429639507594946,4.8828125e-5,0.07002270268764232,1,70.02270268764232
0.3807546021222372,7.429639507594946,4.8828125e-5,0.07002270268764232,1,70.02270268764232
0.4417344703140069,7.429639507594946,4.8828125e-5,0.07002270268764232,1,70.02270268764232
0.5124805876960934,7.429639507594946,4.8828125e-5,0.07002270268764232,1,70.02270268764232
0.5945570708544391,7.429639507594946,4.8828125e-5,0.07002270268764232,1,70.02270268764232
0.6897785379387658,7.429639507594946,4.8828125e-5,0.07002270268764232,1,70.02270268764232
0.8002502278161051,7.429639507594946,4.8828125e-5,0.07002270268764232,1,70.02270268764232
0.9284145445194745,7.429639507594946,4.8828125e-5,0.07002270268764232,1,70.02270268764232
1.0771050560367692,7.429639507594946,4.8828125e-5,0.07002270268764232,1,70.02270268764232
1.2496091412919867,7.429639507594946,4.8828125e-5,0.07002270268764232,1,70.02270268764232
1.4497406703726323,7.429639507594946,4.8828125e-5,0.07002270268764232,1,70.02270268764232
1.6819243248808697,7.429639507594946,4.8828125e-5,0.07002270268764232,1,70.02270268764232
1.9512934226359633,7.429639507594946,4.8828125e-5,0.07002270268764232,1,70.02270268764232
10.0,7.429639507594946,4.8828125e-5,0.07002270268764232,1,70.02270268764232
2.2638034095214477,7.429639507594946,4.8828125e-5,0.07002270268764232,1,70.02270268764232
2.6263635276533326,7.429639507594946,4.8828125e-5,0.07002270268764232,1,70.02270268764232
3.046989570903508,7.429639507594946,4.8828125e-5,0.07002270268764232,1,70.02270268764232
3.5349811050301057,7.429639507594946,4.8828125e-5,0.07002270268764232,1,70.02270268764232
4.1011270705513,7.429639507594946,4.8828125e-5,0.07002270268764232,1,70.02270268764232
4.7579443140094115,7.429639507594946,4.8828125e-5,0.07002270268764232,1,70.02270268764232
5.5199543212815705,7.429639507594946,4.8828125e-5,0.07002270268764232,1,70.02270268764232
6.404004271197279,7.429639507594946,4.8828125e-5,0.07002270268764232,1,70.02270268764232
7.429639507594946,7.429639507594946,4.8828125e-5,0.07002270268764232,1,70.02270268764232
8.619535664753032,7.429639507594946,4.8828125e-5,0.07002270268764232,1,70.02270268764232
0.11601553017399716,8.619535664753032,4.8828125e-5,0.08123720976523002,1,81.23720976523002
0.13459603241553642,8.619535664753032,4.8828125e-5,0.08123720976523002,1,81.23720976523002
0.15615230060004973,8.619535664753032,4.8828125e-5,0.08123720976523002,1,81.23720976523002
0.18116091942004142,8.619535664753032,4.8828125e-5,0.08123720976523002,1,81.23720976523002
0.1,8.619535664753032,4.8828125e-5,0.08123720976523002,1,81.23720976523002
0.21017480113324882,8.619535664753032,4.8828125e-5,0.08123720976523002,1,81.23720976523002
0.2438354098268829,8.619535664753032,4.8828125e-5,0.08123720976523002,1,81.23720976523002
0.28288694346259696,8.619535664753032,4.8828125e-5,0.08123720976523002,1,81.23720976523002
0.3281927872511474,8.619535664753032,4.8828125e-5,0.08123720976523002,1,81.23720976523002
0.3807546021222372,8.619535664753032,4.8828125e-5,0.08123720976523002,1,81.23720976523002
0.4417344703140069,8.619535664753032,4.8828125e-5,0.08123720976523002,1,81.23720976523002
0.5124805876960934,8.619535664753032,4.8828125e-5,0.08123720976523002,1,81.23720976523002
0.5945570708544391,8.619535664753032,4.8828125e-5,0.08123720976523002,1,81.23720976523002
0.6897785379387658,8.619535664753032,4.8828125e-5,0.08123720976523002,1,81.23720976523002
0.8002502278161051,8.619535664753032,4.8828125e-5,0.08123720976523002,1,81.23720976523002
0.9284145445194745,8.619535664753032,4.8828125e-5,0.08123720976523002,1,81.23720976523002
1.0771050560367692,8.619535664753032,4.8828125e-5,0.08123720976523002,1,81.23720976523002
1.2496091412919867,8.619535664753032,4.8828125e-5,0.08123720976523002,1,81.23720976523002
1.4497406703726323,8.619535664753032,4.8828125e-5,0.08123720976523002,1,81.23720976523002
1.6819243248808697,8.619535664753032,4.8828125e-5,0.08123720976523002,1,81.23720976523002
1.9512934226359633,8.619535664753032,4.8828125e-5,0.08123720976523002,1,81.23720976523002
10.0,8.619535664753032,4.8828125e-5,0.08123720976523002,1,81.23720976523002
2.2638034095214477,8.619535664753032,4.8828125e-5,0.08123720976523002,1,81.23720976523002
2.6263635276533326,8.619535664753032,4.8828125e-5,0.08123720976523002,1,81.23720976523002
3.046989570903508,8.619535664753032,4.8828125e-5,0.08123720976523002,1,81.23720976523002
3.5349811050301057,8.619535664753032,4.8828125e-5,0.08123720976523002,1,81.23720976523002
4.1011270705513,8.619535664753032,4.8828125e-5,0.08123720976523002,1,81.23720976523002
4.7579443140094115,8.619535664753032,4.8828125e-5,0.08123720976523002,1,81.23720976523002
5.5199543212815705,8.619535664753032,4.8828125e-5,0.08123720976523002,1,81.23720976523002
6.404004271197279,8.619535664753032,4.8828125e-5,0.08123720976523002,1,81.23720976523002
7.429639507594946,8.619535664753032,4.8828125e-5,0.08123720976523002,1,81.23720976523002
8.619535664753032,8.619535664753032,4.8828125e-5,0.08123720976523002,1,81.23720976523002
