M,zeta,dt,dkx
0.11601553017399716,0.1,0.00078125,0.00023561944901923454
0.13459603241553642,0.1,0.00078125,0.00023561944901923454
0.15615230060004973,0.1,0.00078125,0.00023561944901923454
0.18116091942004142,0.1,0.00078125,0.00047123889803846907
0.1,0.1,0.00078125,0.00047123889803846907
0.21017480113324882,0.1,0.00078125,0.00047123889803846907
0.2438354098268829,0.1,0.00078125,0.00047123889803846907
0.28288694346259696,0.1,0.00078125,0.00047123889803846907
0.3281927872511474,0.1,0.00078125,0.00047123889803846907
0.3807546021222372,0.1,0.00078125,0.00047123889803846907
0.4417344703140069,0.1,0.00078125,0.00047123889803846907
0.5124805876960934,0.1,0.00078125,0.0009424777960769381
0.5945570708544391,0.1,0.00078125,0.00047123889803846907
0.6897785379387658,0.1,4.8828125e-5,0.0009424777960769381
0.8002502278161051,0.1,4.8828125e-5,0.0009424777960769381
0.9284145445194745,0.1,4.8828125e-5,0.0009424777960769381
1.0771050560367692,0.1,4.8828125e-5,0.0009424777960769381
1.2496091412919867,0.1,4.8828125e-5,0.0009424777960769381
1.4497406703726323,0.1,0.00078125,0.0009424777960769381
1.6819243248808697,0.1,0.00078125,0.0009424777960769381
1.9512934226359633,0.1,0.00078125,0.0009424777960769381
10.0,0.1,0.00078125,0.0018849555921538763
2.2638034095214477,0.1,0.00078125,0.0018849555921538763
2.6263635276533326,0.1,0.00078125,0.0018849555921538763
3.046989570903508,0.1,0.00078125,0.0018849555921538763
3.5349811050301057,0.1,0.00078125,0.0018849555921538763
4.1011270705513,0.1,0.00078125,0.0018849555921538763
4.7579443140094115,0.1,0.00078125,0.0018849555921538763
5.5199543212815705,0.1,0.00078125,0.0018849555921538763
6.404004271197279,0.1,0.00078125,0.0018849555921538763
7.429639507594946,0.1,0.00078125,0.0018849555921538763
8.619535664753032,0.1,0.00078125,0.0018849555921538763
0.11601553017399716,0.11601553017399716,0.00078125,0.00027335515297271585
0.13459603241553642,0.11601553017399716,0.00078125,0.00027335515297271585
0.15615230060004973,0.11601553017399716,0.00078125,0.00027335515297271585
0.18116091942004142,0.11601553017399716,0.00078125,0.00027335515297271585
0.1,0.11601553017399716,0.00078125,0.0005467103059454317
0.21017480113324882,0.11601553017399716,0.00078125,0.0005467103059454317
0.2438354098268829,0.11601553017399716,0.00078125,0.0005467103059454317
0.28288694346259696,0.11601553017399716,0.00078125,0.0005467103059454317
0.3281927872511474,0.11601553017399716,0.00078125,0.0005467103059454317
0.3807546021222372,0.11601553017399716,0.00078125,0.0005467103059454317
0.4417344703140069,0.11601553017399716,0.00078125,0.0005467103059454317
0.5124805876960934,0.11601553017399716,0.00078125,0.0005467103059454317
0.5945570708544391,0.11601553017399716,0.00078125,0.0005467103059454317
0.6897785379387658,0.11601553017399716,4.8828125e-5,0.0010934206118908634
0.8002502278161051,0.11601553017399716,4.8828125e-5,0.0010934206118908634
0.9284145445194745,0.11601553017399716,4.8828125e-5,0.0010934206118908634
1.0771050560367692,0.11601553017399716,4.8828125e-5,0.0010934206118908634
1.2496091412919867,0.11601553017399716,4.8828125e-5,0.0010934206118908634
1.4497406703726323,0.11601553017399716,0.00078125,0.0005467103059454317
1.6819243248808697,0.11601553017399716,0.00078125,0.0010934206118908634
1.9512934226359633,0.11601553017399716,0.00078125,0.0010934206118908634
10.0,0.11601553017399716,0.00078125,0.002186841223781727
2.2638034095214477,0.11601553017399716,0.00078125,0.0010934206118908634
2.6263635276533326,0.11601553017399716,0.00078125,0.002186841223781727
3.046989570903508,0.11601553017399716,0.00078125,0.002186841223781727
3.5349811050301057,0.11601553017399716,0.00078125,0.002186841223781727
4.1011270705513,0.11601553017399716,0.00078125,0.002186841223781727
4.7579443140094115,0.11601553017399716,0.00078125,0.002186841223781727
5.5199543212815705,0.11601553017399716,0.00078125,0.002186841223781727
6.404004271197279,0.11601553017399716,0.00078125,0.002186841223781727
7.429639507594946,0.11601553017399716,0.00078125,0.002186841223781727
8.619535664753032,0.11601553017399716,0.00078125,0.002186841223781727
0.11601553017399716,0.13459603241553642,0.00078125,0.0006342688599584742
0.13459603241553642,0.13459603241553642,0.00078125,0.0003171344299792371
0.15615230060004973,0.13459603241553642,0.00078125,0.0003171344299792371
0.18116091942004142,0.13459603241553642,0.00078125,0.0003171344299792371
0.1,0.13459603241553642,0.00078125,0.0006342688599584742
0.21017480113324882,0.13459603241553642,0.00078125,0.0003171344299792371
0.2438354098268829,0.13459603241553642,0.00078125,0.0006342688599584742
0.28288694346259696,0.13459603241553642,0.00078125,0.0006342688599584742
0.3281927872511474,0.13459603241553642,0.00078125,0.0006342688599584742
0.3807546021222372,0.13459603241553642,0.00078125,0.0006342688599584742
0.4417344703140069,0.13459603241553642,0.00078125,0.0006342688599584742
0.5124805876960934,0.13459603241553642,0.00078125,0.0006342688599584742
0.5945570708544391,0.13459603241553642,0.00078125,0.0006342688599584742
0.6897785379387658,0.13459603241553642,0.00078125,0.0003171344299792371
0.8002502278161051,0.13459603241553642,4.8828125e-5,0.0012685377199169485
0.9284145445194745,0.13459603241553642,4.8828125e-5,0.0012685377199169485
1.0771050560367692,0.13459603241553642,4.8828125e-5,0.0012685377199169485
1.2496091412919867,0.13459603241553642,4.8828125e-5,0.0012685377199169485
1.4497406703726323,0.13459603241553642,0.00078125,0.0006342688599584742
1.6819243248808697,0.13459603241553642,0.00078125,0.0012685377199169485
1.9512934226359633,0.13459603241553642,0.00078125,0.0006342688599584742
10.0,0.13459603241553642,0.00078125,0.002537075439833897
2.2638034095214477,0.13459603241553642,0.00078125,0.0012685377199169485
2.6263635276533326,0.13459603241553642,0.00078125,0.0012685377199169485
3.046989570903508,0.13459603241553642,4.8828125e-5,0.0012685377199169485
3.5349811050301057,0.13459603241553642,0.00078125,0.002537075439833897
4.1011270705513,0.13459603241553642,0.00078125,0.002537075439833897
4.7579443140094115,0.13459603241553642,0.00078125,0.002537075439833897
5.5199543212815705,0.13459603241553642,0.00078125,0.002537075439833897
6.404004271197279,0.13459603241553642,0.00078125,0.002537075439833897
7.429639507594946,0.13459603241553642,0.00078125,0.002537075439833897
8.619535664753032,0.13459603241553642,0.00078125,0.002537075439833897
0.11601553017399716,0.15615230060004973,0.00078125,0.0007358503806093921
0.13459603241553642,0.15615230060004973,0.00078125,0.0007358503806093921
0.15615230060004973,0.15615230060004973,0.00078125,0.00036792519030469606
0.18116091942004142,0.15615230060004973,0.00078125,0.00036792519030469606
0.1,0.15615230060004973,0.00078125,0.0007358503806093921
0.21017480113324882,0.15615230060004973,0.00078125,0.00036792519030469606
0.2438354098268829,0.15615230060004973,0.00078125,0.0007358503806093921
0.28288694346259696,0.15615230060004973,0.00078125,0.0007358503806093921
0.3281927872511474,0.15615230060004973,0.00078125,0.0007358503806093921
0.3807546021222372,0.15615230060004973,0.00078125,0.0007358503806093921
0.4417344703140069,0.15615230060004973,0.00078125,0.0007358503806093921
0.5124805876960934,0.15615230060004973,0.00078125,0.0007358503806093921
0.5945570708544391,0.15615230060004973,0.00078125,0.00036792519030469606
0.6897785379387658,0.15615230060004973,0.00078125,0.00036792519030469606
0.8002502278161051,0.15615230060004973,4.8828125e-5,0.0014717007612187842
0.9284145445194745,0.15615230060004973,4.8828125e-5,0.0014717007612187842
1.0771050560367692,0.15615230060004973,4.8828125e-5,0.0014717007612187842
1.2496091412919867,0.15615230060004973,4.8828125e-5,0.0014717007612187842
1.4497406703726323,0.15615230060004973,0.00078125,0.0007358503806093921
1.6819243248808697,0.15615230060004973,0.00078125,0.0007358503806093921
1.9512934226359633,0.15615230060004973,0.00078125,0.0007358503806093921
10.0,0.15615230060004973,0.00078125,0.0029434015224375685
2.2638034095214477,0.15615230060004973,0.00078125,0.0014717007612187842
2.6263635276533326,0.15615230060004973,0.00078125,0.0014717007612187842
3.046989570903508,0.15615230060004973,4.8828125e-5,0.0014717007612187842
3.5349811050301057,0.15615230060004973,0.00078125,0.0029434015224375685
4.1011270705513,0.15615230060004973,0.00078125,0.0029434015224375685
4.7579443140094115,0.15615230060004973,0.00078125,0.0029434015224375685
5.5199543212815705,0.15615230060004973,0.00078125,0.0029434015224375685
6.404004271197279,0.15615230060004973,0.00078125,0.0029434015224375685
7.429639507594946,0.15615230060004973,0.00078125,0.0029434015224375685
8.619535664753032,0.15615230060004973,0.00078125,0.0029434015224375685
0.11601553017399716,0.18116091942004142,0.00078125,0.0008537007203513618
0.13459603241553642,0.18116091942004142,0.00078125,0.0008537007203513618
0.15615230060004973,0.18116091942004142,0.00078125,0.0004268503601756809
0.18116091942004142,0.18116091942004142,0.00078125,0.0004268503601756809
0.1,0.18116091942004142,0.00078125,0.0008537007203513618
0.21017480113324882,0.18116091942004142,0.00078125,0.0004268503601756809
0.2438354098268829,0.18116091942004142,0.00078125,0.0008537007203513618
0.28288694346259696,0.18116091942004142,0.00078125,0.0008537007203513618
0.3281927872511474,0.18116091942004142,0.00078125,0.0008537007203513618
0.3807546021222372,0.18116091942004142,0.00078125,0.0008537007203513618
0.4417344703140069,0.18116091942004142,0.00078125,0.0008537007203513618
0.5124805876960934,0.18116091942004142,0.00078125,0.0008537007203513618
0.5945570708544391,0.18116091942004142,0.00078125,0.0004268503601756809
0.6897785379387658,0.18116091942004142,0.00078125,0.0004268503601756809
0.8002502278161051,0.18116091942004142,4.8828125e-5,0.0017074014407027235
0.9284145445194745,0.18116091942004142,4.8828125e-5,0.0017074014407027235
1.0771050560367692,0.18116091942004142,4.8828125e-5,0.0017074014407027235
1.2496091412919867,0.18116091942004142,0.00078125,0.0008537007203513618
1.4497406703726323,0.18116091942004142,0.00078125,0.0008537007203513618
1.6819243248808697,0.18116091942004142,0.00078125,0.0008537007203513618
1.9512934226359633,0.18116091942004142,0.00078125,0.0008537007203513618
10.0,0.18116091942004142,0.00078125,0.003414802881405447
2.2638034095214477,0.18116091942004142,0.00078125,0.0017074014407027235
2.6263635276533326,0.18116091942004142,0.00078125,0.0017074014407027235
3.046989570903508,0.18116091942004142,4.8828125e-5,0.0017074014407027235
3.5349811050301057,0.18116091942004142,0.00078125,0.0017074014407027235
4.1011270705513,0.18116091942004142,0.00078125,0.003414802881405447
4.7579443140094115,0.18116091942004142,0.00078125,0.003414802881405447
5.5199543212815705,0.18116091942004142,0.00078125,0.003414802881405447
6.404004271197279,0.18116091942004142,0.00078125,0.003414802881405447
7.429639507594946,0.18116091942004142,0.00078125,0.003414802881405447
8.619535664753032,0.18116091942004142,0.00078125,0.003414802881405447
0.11601553017399716,0.21017480113324882,0.00078125,0.0009904254168148657
0.13459603241553642,0.21017480113324882,0.00078125,0.0009904254168148657
0.15615230060004973,0.21017480113324882,0.00078125,0.0009904254168148657
0.18116091942004142,0.21017480113324882,0.00078125,0.0004952127084074328
0.1,0.21017480113324882,0.00078125,0.0009904254168148657
0.21017480113324882,0.21017480113324882,0.00078125,0.0004952127084074328
0.2438354098268829,0.21017480113324882,0.00078125,0.0004952127084074328
0.28288694346259696,0.21017480113324882,0.00078125,0.0009904254168148657
0.3281927872511474,0.21017480113324882,0.00078125,0.0009904254168148657
0.3807546021222372,0.21017480113324882,0.00078125,0.0009904254168148657
0.4417344703140069,0.21017480113324882,0.00078125,0.0009904254168148657
0.5124805876960934,0.21017480113324882,0.00078125,0.0004952127084074328
0.5945570708544391,0.21017480113324882,0.00078125,0.0004952127084074328
0.6897785379387658,0.21017480113324882,0.00078125,0.0002476063542037164
0.8002502278161051,0.21017480113324882,4.8828125e-5,0.0019808508336297314
0.9284145445194745,0.21017480113324882,0.00078125,0.0002476063542037164
1.0771050560367692,0.21017480113324882,4.8828125e-5,0.0019808508336297314
1.2496091412919867,0.21017480113324882,0.00078125,0.0004952127084074328
1.4497406703726323,0.21017480113324882,0.00078125,0.0009904254168148657
1.6819243248808697,0.21017480113324882,0.00078125,0.0009904254168148657
1.9512934226359633,0.21017480113324882,0.00078125,0.0004952127084074328
10.0,0.21017480113324882,0.00078125,0.003961701667259463
2.2638034095214477,0.21017480113324882,0.00078125,0.0009904254168148657
2.6263635276533326,0.21017480113324882,0.00078125,0.0019808508336297314
3.046989570903508,0.21017480113324882,4.8828125e-5,0.0019808508336297314
3.5349811050301057,0.21017480113324882,0.00078125,0.0019808508336297314
4.1011270705513,0.21017480113324882,0.00078125,0.0019808508336297314
4.7579443140094115,0.21017480113324882,0.00078125,0.003961701667259463
5.5199543212815705,0.21017480113324882,0.00078125,0.003961701667259463
6.404004271197279,0.21017480113324882,0.00078125,0.003961701667259463
7.429639507594946,0.21017480113324882,0.00078125,0.003961701667259463
8.619535664753032,0.21017480113324882,0.00078125,0.003961701667259463
0.11601553017399716,0.2438354098268829,0.00078125,0.0011490472982957876
0.13459603241553642,0.2438354098268829,0.00078125,0.0011490472982957876
0.15615230060004973,0.2438354098268829,0.00078125,0.0011490472982957876
0.18116091942004142,0.2438354098268829,0.00078125,0.0011490472982957876
0.1,0.2438354098268829,0.00078125,0.0011490472982957876
0.21017480113324882,0.2438354098268829,0.00078125,0.0011490472982957876
0.2438354098268829,0.2438354098268829,0.00078125,0.0011490472982957876
0.28288694346259696,0.2438354098268829,0.00078125,0.0011490472982957876
0.3281927872511474,0.2438354098268829,0.00078125,0.0011490472982957876
0.3807546021222372,0.2438354098268829,0.00078125,0.0005745236491478938
0.4417344703140069,0.2438354098268829,0.00078125,0.0005745236491478938
0.5124805876960934,0.2438354098268829,0.00078125,0.0005745236491478938
0.5945570708544391,0.2438354098268829,0.00078125,0.0002872618245739469
0.6897785379387658,0.2438354098268829,0.00078125,0.0002872618245739469
0.8002502278161051,0.2438354098268829,4.8828125e-5,0.0022980945965915753
0.9284145445194745,0.2438354098268829,4.8828125e-5,0.0022980945965915753
1.0771050560367692,0.2438354098268829,4.8828125e-5,0.0022980945965915753
1.2496091412919867,0.2438354098268829,0.00078125,0.0005745236491478938
1.4497406703726323,0.2438354098268829,0.00078125,0.0011490472982957876
1.6819243248808697,0.2438354098268829,0.00078125,0.0011490472982957876
1.9512934226359633,0.2438354098268829,0.00078125,0.0005745236491478938
10.0,0.2438354098268829,0.00078125,0.0045961891931831506
2.2638034095214477,0.2438354098268829,0.00078125,0.0011490472982957876
2.6263635276533326,0.2438354098268829,0.00078125,0.0022980945965915753
3.046989570903508,0.2438354098268829,4.8828125e-5,0.0022980945965915753
3.5349811050301057,0.2438354098268829,0.00078125,0.0022980945965915753
4.1011270705513,0.2438354098268829,0.00078125,0.0022980945965915753
4.7579443140094115,0.2438354098268829,0.00078125,0.0022980945965915753
5.5199543212815705,0.2438354098268829,0.00078125,0.0045961891931831506
6.404004271197279,0.2438354098268829,0.00078125,0.0045961891931831506
7.429639507594946,0.2438354098268829,0.00078125,0.0045961891931831506
8.619535664753032,0.2438354098268829,0.00078125,0.0045961891931831506
0.11601553017399716,0.28288694346259696,0.00078125,0.0006665366575339244
0.13459603241553642,0.28288694346259696,0.00078125,0.0006665366575339244
0.15615230060004973,0.28288694346259696,0.00078125,0.0006665366575339244
0.18116091942004142,0.28288694346259696,0.00078125,0.0006665366575339244
0.1,0.28288694346259696,0.00078125,0.0006665366575339244
0.21017480113324882,0.28288694346259696,0.00078125,0.0006665366575339244
0.2438354098268829,0.28288694346259696,0.00078125,0.0006665366575339244
0.28288694346259696,0.28288694346259696,0.00078125,0.0006665366575339244
0.3281927872511474,0.28288694346259696,0.00078125,0.0006665366575339244
0.3807546021222372,0.28288694346259696,0.00078125,0.0006665366575339244
0.4417344703140069,0.28288694346259696,0.00078125,0.0003332683287669622
0.5124805876960934,0.28288694346259696,0.00078125,0.0003332683287669622
0.5945570708544391,0.28288694346259696,0.00078125,0.0003332683287669622
0.6897785379387658,0.28288694346259696,0.00078125,0.0003332683287669622
0.8002502278161051,0.28288694346259696,4.8828125e-5,0.0026661466301356974
0.9284145445194745,0.28288694346259696,4.8828125e-5,0.0026661466301356974
1.0771050560367692,0.28288694346259696,4.8828125e-5,0.0026661466301356974
1.2496091412919867,0.28288694346259696,0.00078125,0.0006665366575339244
1.4497406703726323,0.28288694346259696,0.00078125,0.0013330733150678487
1.6819243248808697,0.28288694346259696,0.00078125,0.0006665366575339244
1.9512934226359633,0.28288694346259696,0.00078125,0.0006665366575339244
10.0,0.28288694346259696,0.00078125,0.005332293260271395
2.2638034095214477,0.28288694346259696,0.00078125,0.0013330733150678487
2.6263635276533326,0.28288694346259696,0.00078125,0.0013330733150678487
3.046989570903508,0.28288694346259696,4.8828125e-5,0.0026661466301356974
3.5349811050301057,0.28288694346259696,0.00078125,0.0026661466301356974
4.1011270705513,0.28288694346259696,0.00078125,0.0026661466301356974
4.7579443140094115,0.28288694346259696,0.00078125,0.0026661466301356974
5.5199543212815705,0.28288694346259696,0.00078125,0.0026661466301356974
6.404004271197279,0.28288694346259696,0.00078125,0.005332293260271395
7.429639507594946,0.28288694346259696,0.00078125,0.005332293260271395
8.619535664753032,0.28288694346259696,0.0015625,0.005332293260271395
0.11601553017399716,0.3281927872511474,0.00078125,0.000773286037042022
0.13459603241553642,0.3281927872511474,0.00078125,0.000773286037042022
0.15615230060004973,0.3281927872511474,0.00078125,0.000386643018521011
0.18116091942004142,0.3281927872511474,0.00078125,0.000386643018521011
0.1,0.3281927872511474,0.00078125,0.000773286037042022
0.21017480113324882,0.3281927872511474,0.00078125,0.000386643018521011
0.2438354098268829,0.3281927872511474,0.00078125,0.000386643018521011
0.28288694346259696,0.3281927872511474,0.00078125,0.000386643018521011
0.3281927872511474,0.3281927872511474,0.00078125,0.000386643018521011
0.3807546021222372,0.3281927872511474,0.00078125,0.000386643018521011
0.4417344703140069,0.3281927872511474,0.00078125,0.000386643018521011
0.5124805876960934,0.3281927872511474,0.00078125,0.000386643018521011
0.5945570708544391,0.3281927872511474,0.00078125,0.0001933215092605055
0.6897785379387658,0.3281927872511474,0.00078125,0.0001933215092605055
0.8002502278161051,0.3281927872511474,0.00078125,0.000386643018521011
0.9284145445194745,0.3281927872511474,4.8828125e-5,0.003093144148168088
1.0771050560367692,0.3281927872511474,4.8828125e-5,0.003093144148168088
1.2496091412919867,0.3281927872511474,0.00078125,0.000773286037042022
1.4497406703726323,0.3281927872511474,0.00078125,0.000773286037042022
1.6819243248808697,0.3281927872511474,0.00078125,0.000773286037042022
1.9512934226359633,0.3281927872511474,0.00078125,0.000773286037042022
10.0,0.3281927872511474,0.00078125,0.006186288296336176
2.2638034095214477,0.3281927872511474,0.00078125,0.001546572074084044
2.6263635276533326,0.3281927872511474,0.00078125,0.001546572074084044
3.046989570903508,0.3281927872511474,4.8828125e-5,0.003093144148168088
3.5349811050301057,0.3281927872511474,0.00078125,0.003093144148168088
4.1011270705513,0.3281927872511474,0.00078125,0.003093144148168088
4.7579443140094115,0.3281927872511474,0.00078125,0.003093144148168088
5.5199543212815705,0.3281927872511474,0.00078125,0.003093144148168088
6.404004271197279,0.3281927872511474,0.00078125,0.003093144148168088
7.429639507594946,0.3281927872511474,0.00078125,0.006186288296336176
8.619535664753032,0.3281927872511474,0.00078125,0.006186288296336176
0.11601553017399716,0.3807546021222372,0.00078125,0.000448565947817897
0.13459603241553642,0.3807546021222372,0.00078125,0.000448565947817897
0.15615230060004973,0.3807546021222372,0.00078125,0.000448565947817897
0.18116091942004142,0.3807546021222372,0.00078125,0.000448565947817897
0.1,0.3807546021222372,0.00078125,0.000448565947817897
0.21017480113324882,0.3807546021222372,0.00078125,0.000448565947817897
0.2438354098268829,0.3807546021222372,0.00078125,0.000448565947817897
0.28288694346259696,0.3807546021222372,0.00078125,0.000448565947817897
0.3281927872511474,0.3807546021222372,0.00078125,0.000448565947817897
0.3807546021222372,0.3807546021222372,0.00078125,0.0002242829739089485
0.4417344703140069,0.3807546021222372,0.00078125,0.0002242829739089485
0.5124805876960934,0.3807546021222372,0.00078125,0.0002242829739089485
0.5945570708544391,0.3807546021222372,0.00078125,0.0002242829739089485
0.6897785379387658,0.3807546021222372,0.00078125,0.000448565947817897
0.8002502278161051,0.3807546021222372,0.00078125,0.000448565947817897
0.9284145445194745,0.3807546021222372,4.8828125e-5,0.003588527582543176
1.0771050560367692,0.3807546021222372,4.8828125e-5,0.003588527582543176
1.2496091412919867,0.3807546021222372,4.8828125e-5,0.003588527582543176
1.4497406703726323,0.3807546021222372,0.00078125,0.000897131895635794
1.6819243248808697,0.3807546021222372,0.00078125,0.000448565947817897
1.9512934226359633,0.3807546021222372,0.00078125,0.000897131895635794
10.0,0.3807546021222372,0.00078125,0.007177055165086352
2.2638034095214477,0.3807546021222372,0.00078125,0.001794263791271588
2.6263635276533326,0.3807546021222372,0.00078125,0.001794263791271588
3.046989570903508,0.3807546021222372,4.8828125e-5,0.003588527582543176
3.5349811050301057,0.3807546021222372,0.00078125,0.001794263791271588
4.1011270705513,0.3807546021222372,0.00078125,0.003588527582543176
4.7579443140094115,0.3807546021222372,0.00078125,0.003588527582543176
5.5199543212815705,0.3807546021222372,0.00078125,0.003588527582543176
6.404004271197279,0.3807546021222372,0.00078125,0.003588527582543176
7.429639507594946,0.3807546021222372,0.00078125,0.003588527582543176
8.619535664753032,0.3807546021222372,0.00078125,0.007177055165086352
0.11601553017399716,0.4417344703140069,0.00078125,0.0002602030812704743
0.13459603241553642,0.4417344703140069,0.00078125,0.0002602030812704743
0.15615230060004973,0.4417344703140069,0.00078125,0.0002602030812704743
0.18116091942004142,0.4417344703140069,0.00078125,0.0002602030812704743
0.1,0.4417344703140069,0.00078125,0.0002602030812704743
0.21017480113324882,0.4417344703140069,0.00078125,0.0002602030812704743
0.2438354098268829,0.4417344703140069,0.00078125,0.0002602030812704743
0.28288694346259696,0.4417344703140069,0.00078125,0.0002602030812704743
0.3281927872511474,0.4417344703140069,0.00078125,0.0002602030812704743
0.3807546021222372,0.4417344703140069,0.00078125,0.0002602030812704743
0.4417344703140069,0.4417344703140069,0.00078125,0.0002602030812704743
0.5124805876960934,0.4417344703140069,0.00078125,0.0002602030812704743
0.5945570708544391,0.4417344703140069,0.00078125,0.0002602030812704743
0.6897785379387658,0.4417344703140069,0.00078125,0.0005204061625409486
0.8002502278161051,0.4417344703140069,0.00078125,0.0005204061625409486
0.9284145445194745,0.4417344703140069,4.8828125e-5,0.004163249300327589
1.0771050560367692,0.4417344703140069,4.8828125e-5,0.004163249300327589
1.2496091412919867,0.4417344703140069,4.8828125e-5,0.004163249300327589
1.4497406703726323,0.4417344703140069,0.00078125,0.0010408123250818973
1.6819243248808697,0.4417344703140069,0.00078125,0.0005204061625409486
1.9512934226359633,0.4417344703140069,0.00078125,0.0005204061625409486
10.0,0.4417344703140069,0.00078125,0.008326498600655178
2.2638034095214477,0.4417344703140069,0.00078125,0.0020816246501637946
2.6263635276533326,0.4417344703140069,0.00078125,0.0020816246501637946
3.046989570903508,0.4417344703140069,4.8828125e-5,0.004163249300327589
3.5349811050301057,0.4417344703140069,0.00078125,0.0020816246501637946
4.1011270705513,0.4417344703140069,0.00078125,0.0020816246501637946
4.7579443140094115,0.4417344703140069,0.00078125,0.004163249300327589
5.5199543212815705,0.4417344703140069,0.00078125,0.004163249300327589
6.404004271197279,0.4417344703140069,0.00078125,0.004163249300327589
7.429639507594946,0.4417344703140069,0.00078125,0.004163249300327589
8.619535664753032,0.4417344703140069,0.00078125,0.004163249300327589
0.11601553017399716,0.5124805876960934,0.00078125,0.0003018759842650175
0.13459603241553642,0.5124805876960934,0.00078125,0.0003018759842650175
0.15615230060004973,0.5124805876960934,0.00078125,0.0003018759842650175
0.18116091942004142,0.5124805876960934,0.00078125,0.0003018759842650175
0.1,0.5124805876960934,0.00078125,0.0003018759842650175
0.21017480113324882,0.5124805876960934,0.00078125,0.0003018759842650175
0.2438354098268829,0.5124805876960934,0.00078125,0.0003018759842650175
0.28288694346259696,0.5124805876960934,0.00078125,0.0003018759842650175
0.3281927872511474,0.5124805876960934,0.00078125,0.0003018759842650175
0.3807546021222372,0.5124805876960934,0.00078125,0.0003018759842650175
0.4417344703140069,0.5124805876960934,0.00078125,0.0003018759842650175
0.5124805876960934,0.5124805876960934,0.00078125,0.0003018759842650175
0.5945570708544391,0.5124805876960934,0.00078125,0.0003018759842650175
0.6897785379387658,0.5124805876960934,0.00078125,0.0003018759842650175
0.8002502278161051,0.5124805876960934,0.00078125,0.000603751968530035
0.9284145445194745,0.5124805876960934,0.00078125,0.00120750393706007
1.0771050560367692,0.5124805876960934,4.8828125e-5,0.00483001574824028
1.2496091412919867,0.5124805876960934,4.8828125e-5,0.00483001574824028
1.4497406703726323,0.5124805876960934,0.00078125,0.000603751968530035
1.6819243248808697,0.5124805876960934,0.00078125,0.000603751968530035
1.9512934226359633,0.5124805876960934,0.00078125,0.000603751968530035
10.0,0.5124805876960934,0.00078125,0.00483001574824028
2.2638034095214477,0.5124805876960934,0.00078125,0.00120750393706007
2.6263635276533326,0.5124805876960934,0.00078125,0.00120750393706007
3.046989570903508,0.5124805876960934,4.8828125e-5,0.00483001574824028
3.5349811050301057,0.5124805876960934,0.00078125,0.00241500787412014
4.1011270705513,0.5124805876960934,0.00078125,0.00241500787412014
4.7579443140094115,0.5124805876960934,0.00078125,0.00241500787412014
5.5199543212815705,0.5124805876960934,0.00078125,0.00483001574824028
6.404004271197279,0.5124805876960934,0.00078125,0.00483001574824028
7.429639507594946,0.5124805876960934,0.00078125,0.00483001574824028
8.619535664753032,0.5124805876960934,0.00078125,0.00483001574824028
0.11601553017399716,0.5945570708544391,0.00078125,0.00035022302361303225
0.13459603241553642,0.5945570708544391,0.00078125,0.00035022302361303225
0.15615230060004973,0.5945570708544391,0.00078125,0.00035022302361303225
0.18116091942004142,0.5945570708544391,0.00078125,0.00035022302361303225
0.1,0.5945570708544391,0.00078125,0.00035022302361303225
0.21017480113324882,0.5945570708544391,0.00078125,0.00035022302361303225
0.2438354098268829,0.5945570708544391,0.00078125,0.00035022302361303225
0.28288694346259696,0.5945570708544391,0.00078125,0.00035022302361303225
0.3281927872511474,0.5945570708544391,0.00078125,0.00035022302361303225
0.3807546021222372,0.5945570708544391,0.00078125,0.00035022302361303225
0.4417344703140069,0.5945570708544391,0.00078125,0.00035022302361303225
0.5124805876960934,0.5945570708544391,0.00078125,0.00035022302361303225
0.5945570708544391,0.5945570708544391,0.00078125,0.0007004460472260645
0.6897785379387658,0.5945570708544391,0.00078125,0.0007004460472260645
0.8002502278161051,0.5945570708544391,0.00078125,0.0007004460472260645
0.9284145445194745,0.5945570708544391,4.8828125e-5,0.005603568377808516
1.0771050560367692,0.5945570708544391,4.8828125e-5,0.005603568377808516
1.2496091412919867,0.5945570708544391,4.8828125e-5,0.005603568377808516
1.4497406703726323,0.5945570708544391,0.00078125,0.00035022302361303225
1.6819243248808697,0.5945570708544391,0.00078125,0.00035022302361303225
1.9512934226359633,0.5945570708544391,0.00078125,0.0007004460472260645
10.0,0.5945570708544391,0.00078125,0.005603568377808516
2.2638034095214477,0.5945570708544391,0.00078125,0.001400892094452129
2.6263635276533326,0.5945570708544391,4.8828125e-5,0.005603568377808516
3.046989570903508,0.5945570708544391,4.8828125e-5,0.005603568377808516
3.5349811050301057,0.5945570708544391,0.00078125,0.002801784188904258
4.1011270705513,0.5945570708544391,0.00078125,0.002801784188904258
4.7579443140094115,0.5945570708544391,0.00078125,0.002801784188904258
5.5199543212815705,0.5945570708544391,0.00078125,0.002801784188904258
6.404004271197279,0.5945570708544391,0.00078125,0.005603568377808516
7.429639507594946,0.5945570708544391,0.00078125,0.005603568377808516
8.619535664753032,0.5945570708544391,0.00078125,0.005603568377808516
0.11601553017399716,0.6897785379387658,0.00078125,0.00040631309763606275
0.13459603241553642,0.6897785379387658,0.00078125,0.00040631309763606275
0.15615230060004973,0.6897785379387658,0.00078125,0.00040631309763606275
0.18116091942004142,0.6897785379387658,0.00078125,0.00040631309763606275
0.1,0.6897785379387658,0.00078125,0.00040631309763606275
0.21017480113324882,0.6897785379387658,0.00078125,0.00040631309763606275
0.2438354098268829,0.6897785379387658,0.00078125,0.00040631309763606275
0.28288694346259696,0.6897785379387658,0.00078125,0.00040631309763606275
0.3281927872511474,0.6897785379387658,0.00078125,0.00040631309763606275
0.3807546021222372,0.6897785379387658,0.00078125,0.0008126261952721255
0.4417344703140069,0.6897785379387658,0.00078125,0.0008126261952721255
0.5124805876960934,0.6897785379387658,0.00078125,0.0008126261952721255
0.5945570708544391,0.6897785379387658,0.00078125,0.0008126261952721255
0.6897785379387658,0.6897785379387658,0.00078125,0.0008126261952721255
0.8002502278161051,0.6897785379387658,0.00078125,0.0008126261952721255
0.9284145445194745,0.6897785379387658,4.8828125e-5,0.006501009562177004
1.0771050560367692,0.6897785379387658,4.8828125e-5,0.006501009562177004
1.2496091412919867,0.6897785379387658,0.00078125,0.0008126261952721255
1.4497406703726323,0.6897785379387658,0.00078125,0.00040631309763606275
1.6819243248808697,0.6897785379387658,0.00078125,0.00040631309763606275
1.9512934226359633,0.6897785379387658,0.00078125,0.0008126261952721255
10.0,0.6897785379387658,0.00078125,0.006501009562177004
2.2638034095214477,0.6897785379387658,0.00078125,0.001625252390544251
2.6263635276533326,0.6897785379387658,4.8828125e-5,0.006501009562177004
3.046989570903508,0.6897785379387658,4.8828125e-5,0.006501009562177004
3.5349811050301057,0.6897785379387658,0.00078125,0.003250504781088502
4.1011270705513,0.6897785379387658,0.00078125,0.003250504781088502
4.7579443140094115,0.6897785379387658,0.00078125,0.003250504781088502
5.5199543212815705,0.6897785379387658,0.00078125,0.003250504781088502
6.404004271197279,0.6897785379387658,0.00078125,0.003250504781088502
7.429639507594946,0.6897785379387658,0.00078125,0.006501009562177004
8.619535664753032,0.6897785379387658,0.00078125,0.006501009562177004
0.11601553017399716,0.8002502278161051,0.00078125,0.0004713862943888689
0.13459603241553642,0.8002502278161051,0.00078125,0.0004713862943888689
0.15615230060004973,0.8002502278161051,0.00078125,0.0004713862943888689
0.18116091942004142,0.8002502278161051,0.00078125,0.0004713862943888689
0.1,0.8002502278161051,0.00078125,0.0004713862943888689
0.21017480113324882,0.8002502278161051,0.00078125,0.0004713862943888689
0.2438354098268829,0.8002502278161051,0.00078125,0.0004713862943888689
0.28288694346259696,0.8002502278161051,0.00078125,0.0004713862943888689
0.3281927872511474,0.8002502278161051,0.00078125,0.0004713862943888689
0.3807546021222372,0.8002502278161051,0.00078125,0.0009427725887777378
0.4417344703140069,0.8002502278161051,0.00078125,0.0009427725887777378
0.5124805876960934,0.8002502278161051,0.00078125,0.0009427725887777378
0.5945570708544391,0.8002502278161051,0.00078125,0.0009427725887777378
0.6897785379387658,0.8002502278161051,0.00078125,0.0009427725887777378
0.8002502278161051,0.8002502278161051,4.8828125e-5,0.007542180710221902
0.9284145445194745,0.8002502278161051,4.8828125e-5,0.007542180710221902
1.0771050560367692,0.8002502278161051,4.8828125e-5,0.007542180710221902
1.2496091412919867,0.8002502278161051,0.00078125,0.0004713862943888689
1.4497406703726323,0.8002502278161051,0.00078125,0.0004713862943888689
1.6819243248808697,0.8002502278161051,0.00078125,0.0004713862943888689
1.9512934226359633,0.8002502278161051,0.00078125,0.0009427725887777378
10.0,0.8002502278161051,0.00078125,0.007542180710221902
2.2638034095214477,0.8002502278161051,0.00078125,0.0009427725887777378
2.6263635276533326,0.8002502278161051,4.8828125e-5,0.007542180710221902
3.046989570903508,0.8002502278161051,4.8828125e-5,0.007542180710221902
3.5349811050301057,0.8002502278161051,0.00078125,0.0018855451775554755
4.1011270705513,0.8002502278161051,0.00078125,0.003771090355110951
4.7579443140094115,0.8002502278161051,0.00078125,0.003771090355110951
5.5199543212815705,0.8002502278161051,0.00078125,0.003771090355110951
6.404004271197279,0.8002502278161051,0.00078125,0.003771090355110951
7.429639507594946,0.8002502278161051,0.00078125,0.003771090355110951
8.619535664753032,0.8002502278161051,0.00078125,0.007542180710221902
0.11601553017399716,0.9284145445194745,0.00078125,0.0005468813086028053
0.13459603241553642,0.9284145445194745,0.00078125,0.0005468813086028053
0.15615230060004973,0.9284145445194745,0.00078125,0.0005468813086028053
0.18116091942004142,0.9284145445194745,0.00078125,0.0005468813086028053
0.1,0.9284145445194745,0.00078125,0.0005468813086028053
0.21017480113324882,0.9284145445194745,0.00078125,0.0005468813086028053
0.2438354098268829,0.9284145445194745,0.00078125,0.0005468813086028053
0.28288694346259696,0.9284145445194745,0.00078125,0.0005468813086028053
0.3281927872511474,0.9284145445194745,0.00078125,0.0005468813086028053
0.3807546021222372,0.9284145445194745,0.00078125,0.0005468813086028053
0.4417344703140069,0.9284145445194745,0.00078125,0.0005468813086028053
0.5124805876960934,0.9284145445194745,0.00078125,0.0005468813086028053
0.5945570708544391,0.9284145445194745,0.00078125,0.0005468813086028053
0.6897785379387658,0.9284145445194745,0.00078125,0.0005468813086028053
0.8002502278161051,0.9284145445194745,0.00078125,0.0005468813086028053
0.9284145445194745,0.9284145445194745,4.8828125e-5,0.008750100937644886
1.0771050560367692,0.9284145445194745,4.8828125e-5,0.008750100937644886
1.2496091412919867,0.9284145445194745,0.00078125,0.0005468813086028053
1.4497406703726323,0.9284145445194745,0.00078125,0.0005468813086028053
1.6819243248808697,0.9284145445194745,0.00078125,0.0005468813086028053
1.9512934226359633,0.9284145445194745,0.00078125,0.0010937626172056107
10.0,0.9284145445194745,0.00078125,0.008750100937644886
2.2638034095214477,0.9284145445194745,4.8828125e-5,0.008750100937644886
2.6263635276533326,0.9284145445194745,4.8828125e-5,0.008750100937644886
3.046989570903508,0.9284145445194745,4.8828125e-5,0.008750100937644886
3.5349811050301057,0.9284145445194745,0.00078125,0.0021875252344112214
4.1011270705513,0.9284145445194745,0.00078125,0.004375050468822443
4.7579443140094115,0.9284145445194745,0.00078125,0.0021875252344112214
5.5199543212815705,0.9284145445194745,0.00078125,0.004375050468822443
6.404004271197279,0.9284145445194745,0.00078125,0.004375050468822443
7.429639507594946,0.9284145445194745,0.00078125,0.004375050468822443
8.619535664753032,0.9284145445194745,0.00078125,0.004375050468822443
0.11601553017399716,1.0771050560367692,0.00078125,0.0006344672495980382
0.13459603241553642,1.0771050560367692,0.00078125,0.0006344672495980382
0.15615230060004973,1.0771050560367692,0.00078125,0.0006344672495980382
0.18116091942004142,1.0771050560367692,0.00078125,0.0006344672495980382
0.1,1.0771050560367692,0.00078125,0.0006344672495980382
0.21017480113324882,1.0771050560367692,0.00078125,0.0006344672495980382
0.2438354098268829,1.0771050560367692,0.00078125,0.0006344672495980382
0.28288694346259696,1.0771050560367692,0.00078125,0.0006344672495980382
0.3281927872511474,1.0771050560367692,0.00078125,0.0006344672495980382
0.3807546021222372,1.0771050560367692,0.00078125,0.0006344672495980382
0.4417344703140069,1.0771050560367692,0.00078125,0.0006344672495980382
0.5124805876960934,1.0771050560367692,0.00078125,0.0006344672495980382
0.5945570708544391,1.0771050560367692,0.00078125,0.0006344672495980382
0.6897785379387658,1.0771050560367692,0.00078125,0.0006344672495980382
0.8002502278161051,1.0771050560367692,0.00078125,0.0006344672495980382
0.9284145445194745,1.0771050560367692,0.00078125,0.0006344672495980382
1.0771050560367692,1.0771050560367692,4.8828125e-5,0.010151475993568611
1.2496091412919867,1.0771050560367692,4.8828125e-5,0.010151475993568611
1.4497406703726323,1.0771050560367692,0.00078125,0.0006344672495980382
1.6819243248808697,1.0771050560367692,0.00078125,0.0006344672495980382
1.9512934226359633,1.0771050560367692,0.00078125,0.0006344672495980382
10.0,1.0771050560367692,0.00078125,0.005075737996784306
2.2638034095214477,1.0771050560367692,4.8828125e-5,0.010151475993568611
2.6263635276533326,1.0771050560367692,4.8828125e-5,0.010151475993568611
3.046989570903508,1.0771050560367692,4.8828125e-5,0.010151475993568611
3.5349811050301057,1.0771050560367692,0.00078125,0.002537868998392153
4.1011270705513,1.0771050560367692,0.00078125,0.002537868998392153
4.7579443140094115,1.0771050560367692,4.8828125e-5,0.010151475993568611
5.5199543212815705,1.0771050560367692,0.00078125,0.005075737996784306
6.404004271197279,1.0771050560367692,0.00078125,0.005075737996784306
7.429639507594946,1.0771050560367692,0.00078125,0.005075737996784306
8.619535664753032,1.0771050560367692,0.00078125,0.005075737996784306
0.11601553017399716,1.2496091412919867,0.00078125,0.0007360805434015416
0.13459603241553642,1.2496091412919867,0.00078125,0.0007360805434015416
0.15615230060004973,1.2496091412919867,0.00078125,0.0007360805434015416
0.18116091942004142,1.2496091412919867,0.00078125,0.0007360805434015416
0.1,1.2496091412919867,0.00078125,0.0007360805434015416
0.21017480113324882,1.2496091412919867,0.00078125,0.0007360805434015416
0.2438354098268829,1.2496091412919867,0.00078125,0.0007360805434015416
0.28288694346259696,1.2496091412919867,0.00078125,0.0007360805434015416
0.3281927872511474,1.2496091412919867,0.00078125,0.0007360805434015416
0.3807546021222372,1.2496091412919867,0.00078125,0.0007360805434015416
0.4417344703140069,1.2496091412919867,0.00078125,0.0007360805434015416
0.5124805876960934,1.2496091412919867,0.00078125,0.0007360805434015416
0.5945570708544391,1.2496091412919867,0.00078125,0.0007360805434015416
0.6897785379387658,1.2496091412919867,0.00078125,0.0007360805434015416
0.8002502278161051,1.2496091412919867,0.00078125,0.0007360805434015416
0.9284145445194745,1.2496091412919867,4.8828125e-5,0.011777288694424666
1.0771050560367692,1.2496091412919867,4.8828125e-5,0.011777288694424666
1.2496091412919867,1.2496091412919867,4.8828125e-5,0.011777288694424666
1.4497406703726323,1.2496091412919867,0.00078125,0.0007360805434015416
1.6819243248808697,1.2496091412919867,0.00078125,0.0007360805434015416
1.9512934226359633,1.2496091412919867,0.00078125,0.0007360805434015416
10.0,1.2496091412919867,0.00078125,0.005888644347212333
2.2638034095214477,1.2496091412919867,0.00078125,0.0007360805434015416
2.6263635276533326,1.2496091412919867,4.8828125e-5,0.011777288694424666
3.046989570903508,1.2496091412919867,4.8828125e-5,0.011777288694424666
3.5349811050301057,1.2496091412919867,0.00078125,0.0029443221736061664
4.1011270705513,1.2496091412919867,0.00078125,0.0029443221736061664
4.7579443140094115,1.2496091412919867,0.00078125,0.0029443221736061664
5.5199543212815705,1.2496091412919867,0.00078125,0.005888644347212333
6.404004271197279,1.2496091412919867,0.00078125,0.005888644347212333
7.429639507594946,1.2496091412919867,0.00078125,0.005888644347212333
8.619535664753032,1.2496091412919867,0.00078125,0.005888644347212333
0.11601553017399716,1.4497406703726323,0.00078125,0.000853967744934938
0.13459603241553642,1.4497406703726323,0.00078125,0.000853967744934938
0.15615230060004973,1.4497406703726323,0.00078125,0.000853967744934938
0.18116091942004142,1.4497406703726323,0.00078125,0.000853967744934938
0.1,1.4497406703726323,0.00078125,0.000853967744934938
0.21017480113324882,1.4497406703726323,0.00078125,0.000853967744934938
0.2438354098268829,1.4497406703726323,0.00078125,0.000853967744934938
0.28288694346259696,1.4497406703726323,0.00078125,0.000853967744934938
0.3281927872511474,1.4497406703726323,0.00078125,0.000853967744934938
0.3807546021222372,1.4497406703726323,0.00078125,0.000853967744934938
0.4417344703140069,1.4497406703726323,0.00078125,0.000853967744934938
0.5124805876960934,1.4497406703726323,0.00078125,0.000853967744934938
0.5945570708544391,1.4497406703726323,0.00078125,0.000853967744934938
0.6897785379387658,1.4497406703726323,0.00078125,0.000853967744934938
0.8002502278161051,1.4497406703726323,4.8828125e-5,0.013663483918959008
0.9284145445194745,1.4497406703726323,4.8828125e-5,0.013663483918959008
1.0771050560367692,1.4497406703726323,4.8828125e-5,0.013663483918959008
1.2496091412919867,1.4497406703726323,0.00078125,0.000853967744934938
1.4497406703726323,1.4497406703726323,0.00078125,0.000853967744934938
1.6819243248808697,1.4497406703726323,0.00078125,0.000853967744934938
1.9512934226359633,1.4497406703726323,0.00078125,0.000853967744934938
10.0,1.4497406703726323,0.00078125,0.006831741959479504
2.2638034095214477,1.4497406703726323,0.00078125,0.000853967744934938
2.6263635276533326,1.4497406703726323,4.8828125e-5,0.013663483918959008
3.046989570903508,1.4497406703726323,4.8828125e-5,0.013663483918959008
3.5349811050301057,1.4497406703726323,0.00078125,0.003415870979739752
4.1011270705513,1.4497406703726323,0.00078125,0.001707935489869876
4.7579443140094115,1.4497406703726323,4.8828125e-5,0.013663483918959008
5.5199543212815705,1.4497406703726323,0.00078125,0.003415870979739752
6.404004271197279,1.4497406703726323,0.00078125,0.006831741959479504
7.429639507594946,1.4497406703726323,0.00078125,0.006831741959479504
8.619535664753032,1.4497406703726323,0.00078125,0.006831741959479504
0.11601553017399716,1.6819243248808697,0.00078125,0.0009907352068011961
0.13459603241553642,1.6819243248808697,0.00078125,0.0009907352068011961
0.15615230060004973,1.6819243248808697,0.00078125,0.0009907352068011961
0.18116091942004142,1.6819243248808697,0.00078125,0.0009907352068011961
0.1,1.6819243248808697,0.00078125,0.0009907352068011961
0.21017480113324882,1.6819243248808697,0.00078125,0.0009907352068011961
0.2438354098268829,1.6819243248808697,0.00078125,0.0009907352068011961
0.28288694346259696,1.6819243248808697,0.00078125,0.0009907352068011961
0.3281927872511474,1.6819243248808697,0.00078125,0.0009907352068011961
0.3807546021222372,1.6819243248808697,4.8828125e-5,0.01585176330881914
0.4417344703140069,1.6819243248808697,4.8828125e-5,0.01585176330881914
0.5124805876960934,1.6819243248808697,4.8828125e-5,0.01585176330881914
0.5945570708544391,1.6819243248808697,4.8828125e-5,0.01585176330881914
0.6897785379387658,1.6819243248808697,4.8828125e-5,0.01585176330881914
0.8002502278161051,1.6819243248808697,4.8828125e-5,0.01585176330881914
0.9284145445194745,1.6819243248808697,4.8828125e-5,0.01585176330881914
1.0771050560367692,1.6819243248808697,4.8828125e-5,0.01585176330881914
1.2496091412919867,1.6819243248808697,4.8828125e-5,0.01585176330881914
1.4497406703726323,1.6819243248808697,0.00078125,0.0009907352068011961
1.6819243248808697,1.6819243248808697,0.00078125,0.0009907352068011961
1.9512934226359633,1.6819243248808697,0.00078125,0.0009907352068011961
10.0,1.6819243248808697,0.00078125,0.00792588165440957
2.2638034095214477,1.6819243248808697,4.8828125e-5,0.01585176330881914
2.6263635276533326,1.6819243248808697,4.8828125e-5,0.01585176330881914
3.046989570903508,1.6819243248808697,4.8828125e-5,0.01585176330881914
3.5349811050301057,1.6819243248808697,0.00078125,0.0019814704136023923
4.1011270705513,1.6819243248808697,0.00078125,0.0019814704136023923
4.7579443140094115,1.6819243248808697,4.8828125e-5,0.01585176330881914
5.5199543212815705,1.6819243248808697,0.00078125,0.003962940827204785
6.404004271197279,1.6819243248808697,0.00078125,0.003962940827204785
7.429639507594946,1.6819243248808697,0.00078125,0.00792588165440957
8.619535664753032,1.6819243248808697,0.00078125,0.00792588165440957
0.11601553017399716,1.9512934226359633,4.8828125e-5,0.018390507244653683
0.13459603241553642,1.9512934226359633,4.8828125e-5,0.018390507244653683
0.15615230060004973,1.9512934226359633,4.8828125e-5,0.018390507244653683
0.18116091942004142,1.9512934226359633,4.8828125e-5,0.018390507244653683
0.1,1.9512934226359633,4.8828125e-5,0.018390507244653683
0.21017480113324882,1.9512934226359633,4.8828125e-5,0.018390507244653683
0.2438354098268829,1.9512934226359633,4.8828125e-5,0.018390507244653683
0.28288694346259696,1.9512934226359633,4.8828125e-5,0.018390507244653683
0.3281927872511474,1.9512934226359633,4.8828125e-5,0.018390507244653683
0.3807546021222372,1.9512934226359633,4.8828125e-5,0.018390507244653683
0.4417344703140069,1.9512934226359633,4.8828125e-5,0.018390507244653683
0.5124805876960934,1.9512934226359633,4.8828125e-5,0.018390507244653683
0.5945570708544391,1.9512934226359633,4.8828125e-5,0.018390507244653683
0.6897785379387658,1.9512934226359633,4.8828125e-5,0.018390507244653683
0.8002502278161051,1.9512934226359633,4.8828125e-5,0.018390507244653683
0.9284145445194745,1.9512934226359633,4.8828125e-5,0.018390507244653683
1.0771050560367692,1.9512934226359633,4.8828125e-5,0.018390507244653683
1.2496091412919867,1.9512934226359633,4.8828125e-5,0.018390507244653683
1.4497406703726323,1.9512934226359633,4.8828125e-5,0.018390507244653683
1.6819243248808697,1.9512934226359633,4.8828125e-5,0.018390507244653683
1.9512934226359633,1.9512934226359633,4.8828125e-5,0.018390507244653683
10.0,1.9512934226359633,0.00078125,0.009195253622326842
2.2638034095214477,1.9512934226359633,4.8828125e-5,0.018390507244653683
2.6263635276533326,1.9512934226359633,4.8828125e-5,0.018390507244653683
3.046989570903508,1.9512934226359633,4.8828125e-5,0.018390507244653683
3.5349811050301057,1.9512934226359633,0.00078125,0.0011494067027908552
4.1011270705513,1.9512934226359633,0.00078125,0.0022988134055817104
4.7579443140094115,1.9512934226359633,4.8828125e-5,0.018390507244653683
5.5199543212815705,1.9512934226359633,0.00078125,0.004597626811163421
6.404004271197279,1.9512934226359633,0.00078125,0.004597626811163421
7.429639507594946,1.9512934226359633,0.00078125,0.004597626811163421
8.619535664753032,1.9512934226359633,0.00078125,0.009195253622326842
0.11601553017399716,10.0,4.8828125e-5,0.09424777960769382
0.13459603241553642,10.0,4.8828125e-5,0.09424777960769382
0.15615230060004973,10.0,4.8828125e-5,0.09424777960769382
0.18116091942004142,10.0,4.8828125e-5,0.09424777960769382
0.1,10.0,4.8828125e-5,0.09424777960769382
0.21017480113324882,10.0,4.8828125e-5,0.09424777960769382
0.2438354098268829,10.0,4.8828125e-5,0.09424777960769382
0.28288694346259696,10.0,4.8828125e-5,0.09424777960769382
0.3281927872511474,10.0,4.8828125e-5,0.09424777960769382
0.3807546021222372,10.0,4.8828125e-5,0.09424777960769382
0.4417344703140069,10.0,4.8828125e-5,0.09424777960769382
0.5124805876960934,10.0,4.8828125e-5,0.09424777960769382
0.5945570708544391,10.0,4.8828125e-5,0.09424777960769382
0.6897785379387658,10.0,4.8828125e-5,0.09424777960769382
0.8002502278161051,10.0,4.8828125e-5,0.09424777960769382
0.9284145445194745,10.0,4.8828125e-5,0.09424777960769382
1.0771050560367692,10.0,4.8828125e-5,0.09424777960769382
1.2496091412919867,10.0,4.8828125e-5,0.09424777960769382
1.4497406703726323,10.0,4.8828125e-5,0.09424777960769382
1.6819243248808697,10.0,4.8828125e-5,0.09424777960769382
1.9512934226359633,10.0,4.8828125e-5,0.09424777960769382
10.0,10.0,4.8828125e-5,0.09424777960769382
2.2638034095214477,10.0,4.8828125e-5,0.09424777960769382
2.6263635276533326,10.0,4.8828125e-5,0.09424777960769382
3.046989570903508,10.0,4.8828125e-5,0.09424777960769382
3.5349811050301057,10.0,4.8828125e-5,0.09424777960769382
4.1011270705513,10.0,4.8828125e-5,0.09424777960769382
4.7579443140094115,10.0,4.8828125e-5,0.09424777960769382
5.5199543212815705,10.0,4.8828125e-5,0.09424777960769382
6.404004271197279,10.0,4.8828125e-5,0.09424777960769382
7.429639507594946,10.0,4.8828125e-5,0.09424777960769382
8.619535664753032,10.0,4.8828125e-5,0.09424777960769382
0.11601553017399716,2.2638034095214477,4.8828125e-5,0.021335844481572316
0.13459603241553642,2.2638034095214477,4.8828125e-5,0.021335844481572316
0.15615230060004973,2.2638034095214477,4.8828125e-5,0.021335844481572316
0.18116091942004142,2.2638034095214477,4.8828125e-5,0.021335844481572316
0.1,2.2638034095214477,4.8828125e-5,0.021335844481572316
0.21017480113324882,2.2638034095214477,4.8828125e-5,0.021335844481572316
0.2438354098268829,2.2638034095214477,4.8828125e-5,0.021335844481572316
0.28288694346259696,2.2638034095214477,4.8828125e-5,0.021335844481572316
0.3281927872511474,2.2638034095214477,4.8828125e-5,0.021335844481572316
0.3807546021222372,2.2638034095214477,4.8828125e-5,0.021335844481572316
0.4417344703140069,2.2638034095214477,4.8828125e-5,0.021335844481572316
0.5124805876960934,2.2638034095214477,4.8828125e-5,0.021335844481572316
0.5945570708544391,2.2638034095214477,4.8828125e-5,0.021335844481572316
0.6897785379387658,2.2638034095214477,4.8828125e-5,0.021335844481572316
0.8002502278161051,2.2638034095214477,4.8828125e-5,0.021335844481572316
0.9284145445194745,2.2638034095214477,4.8828125e-5,0.021335844481572316
1.0771050560367692,2.2638034095214477,4.8828125e-5,0.021335844481572316
1.2496091412919867,2.2638034095214477,4.8828125e-5,0.021335844481572316
1.4497406703726323,2.2638034095214477,4.8828125e-5,0.021335844481572316
1.6819243248808697,2.2638034095214477,4.8828125e-5,0.021335844481572316
1.9512934226359633,2.2638034095214477,4.8828125e-5,0.021335844481572316
10.0,2.2638034095214477,0.00078125,0.010667922240786158
2.2638034095214477,2.2638034095214477,4.8828125e-5,0.021335844481572316
2.6263635276533326,2.2638034095214477,4.8828125e-5,0.021335844481572316
3.046989570903508,2.2638034095214477,4.8828125e-5,0.021335844481572316
3.5349811050301057,2.2638034095214477,0.00078125,0.0013334902800982698
4.1011270705513,2.2638034095214477,4.8828125e-5,0.021335844481572316
4.7579443140094115,2.2638034095214477,4.8828125e-5,0.021335844481572316
5.5199543212815705,2.2638034095214477,0.00078125,0.0026669805601965395
6.404004271197279,2.2638034095214477,0.00078125,0.005333961120393079
7.429639507594946,2.2638034095214477,0.00078125,0.005333961120393079
8.619535664753032,2.2638034095214477,0.00078125,0.005333961120393079
0.11601553017399716,2.6263635276533326,4.8828125e-5,0.024752893092395655
0.13459603241553642,2.6263635276533326,4.8828125e-5,0.024752893092395655
0.15615230060004973,2.6263635276533326,4.8828125e-5,0.024752893092395655
0.18116091942004142,2.6263635276533326,4.8828125e-5,0.024752893092395655
0.1,2.6263635276533326,4.8828125e-5,0.024752893092395655
0.21017480113324882,2.6263635276533326,4.8828125e-5,0.024752893092395655
0.2438354098268829,2.6263635276533326,4.8828125e-5,0.024752893092395655
0.28288694346259696,2.6263635276533326,4.8828125e-5,0.024752893092395655
0.3281927872511474,2.6263635276533326,4.8828125e-5,0.024752893092395655
0.3807546021222372,2.6263635276533326,4.8828125e-5,0.024752893092395655
0.4417344703140069,2.6263635276533326,4.8828125e-5,0.024752893092395655
0.5124805876960934,2.6263635276533326,4.8828125e-5,0.024752893092395655
0.5945570708544391,2.6263635276533326,4.8828125e-5,0.024752893092395655
0.6897785379387658,2.6263635276533326,4.8828125e-5,0.024752893092395655
0.8002502278161051,2.6263635276533326,4.8828125e-5,0.024752893092395655
0.9284145445194745,2.6263635276533326,4.8828125e-5,0.024752893092395655
1.0771050560367692,2.6263635276533326,4.8828125e-5,0.024752893092395655
1.2496091412919867,2.6263635276533326,4.8828125e-5,0.024752893092395655
1.4497406703726323,2.6263635276533326,4.8828125e-5,0.024752893092395655
1.6819243248808697,2.6263635276533326,4.8828125e-5,0.024752893092395655
1.9512934226359633,2.6263635276533326,4.8828125e-5,0.024752893092395655
10.0,2.6263635276533326,0.00078125,0.006188223273098914
2.2638034095214477,2.6263635276533326,4.8828125e-5,0.024752893092395655
2.6263635276533326,2.6263635276533326,4.8828125e-5,0.024752893092395655
3.046989570903508,2.6263635276533326,4.8828125e-5,0.024752893092395655
3.5349811050301057,2.6263635276533326,0.00078125,0.0015470558182747284
4.1011270705513,2.6263635276533326,4.8828125e-5,0.024752893092395655
4.7579443140094115,2.6263635276533326,4.8828125e-5,0.024752893092395655
5.5199543212815705,2.6263635276533326,0.00078125,0.003094111636549457
6.404004271197279,2.6263635276533326,0.00078125,0.006188223273098914
7.429639507594946,2.6263635276533326,0.00078125,0.006188223273098914
8.619535664753032,2.6263635276533326,0.00078125,0.006188223273098914
0.11601553017399716,3.046989570903508,4.8828125e-5,0.02871720015454553
0.13459603241553642,3.046989570903508,4.8828125e-5,0.02871720015454553
0.15615230060004973,3.046989570903508,4.8828125e-5,0.02871720015454553
0.18116091942004142,3.046989570903508,4.8828125e-5,0.02871720015454553
0.1,3.046989570903508,4.8828125e-5,0.02871720015454553
0.21017480113324882,3.046989570903508,4.8828125e-5,0.02871720015454553
0.2438354098268829,3.046989570903508,4.8828125e-5,0.02871720015454553
0.28288694346259696,3.046989570903508,4.8828125e-5,0.02871720015454553
0.3281927872511474,3.046989570903508,4.8828125e-5,0.02871720015454553
0.3807546021222372,3.046989570903508,4.8828125e-5,0.02871720015454553
0.4417344703140069,3.046989570903508,4.8828125e-5,0.02871720015454553
0.5124805876960934,3.046989570903508,4.8828125e-5,0.02871720015454553
0.5945570708544391,3.046989570903508,4.8828125e-5,0.02871720015454553
0.6897785379387658,3.046989570903508,4.8828125e-5,0.02871720015454553
0.8002502278161051,3.046989570903508,4.8828125e-5,0.02871720015454553
0.9284145445194745,3.046989570903508,4.8828125e-5,0.02871720015454553
1.0771050560367692,3.046989570903508,4.8828125e-5,0.02871720015454553
1.2496091412919867,3.046989570903508,4.8828125e-5,0.02871720015454553
1.4497406703726323,3.046989570903508,4.8828125e-5,0.02871720015454553
1.6819243248808697,3.046989570903508,4.8828125e-5,0.02871720015454553
1.9512934226359633,3.046989570903508,4.8828125e-5,0.02871720015454553
10.0,3.046989570903508,0.00078125,0.007179300038636383
2.2638034095214477,3.046989570903508,4.8828125e-5,0.02871720015454553
2.6263635276533326,3.046989570903508,4.8828125e-5,0.02871720015454553
3.046989570903508,3.046989570903508,4.8828125e-5,0.02871720015454553
3.5349811050301057,3.046989570903508,4.8828125e-5,0.02871720015454553
4.1011270705513,3.046989570903508,4.8828125e-5,0.02871720015454553
4.7579443140094115,3.046989570903508,4.8828125e-5,0.02871720015454553
5.5199543212815705,3.046989570903508,0.00078125,0.007179300038636383
6.404004271197279,3.046989570903508,4.8828125e-5,0.02871720015454553
7.429639507594946,3.046989570903508,0.00078125,0.007179300038636383
8.619535664753032,3.046989570903508,0.00078125,0.007179300038636383
0.11601553017399716,3.5349811050301057,4.8828125e-5,0.03331641201042392
0.13459603241553642,3.5349811050301057,4.8828125e-5,0.03331641201042392
0.15615230060004973,3.5349811050301057,4.8828125e-5,0.03331641201042392
0.18116091942004142,3.5349811050301057,4.8828125e-5,0.03331641201042392
0.1,3.5349811050301057,4.8828125e-5,0.03331641201042392
0.21017480113324882,3.5349811050301057,4.8828125e-5,0.03331641201042392
0.2438354098268829,3.5349811050301057,4.8828125e-5,0.03331641201042392
0.28288694346259696,3.5349811050301057,4.8828125e-5,0.03331641201042392
0.3281927872511474,3.5349811050301057,4.8828125e-5,0.03331641201042392
0.3807546021222372,3.5349811050301057,4.8828125e-5,0.03331641201042392
0.4417344703140069,3.5349811050301057,4.8828125e-5,0.03331641201042392
0.5124805876960934,3.5349811050301057,4.8828125e-5,0.03331641201042392
0.5945570708544391,3.5349811050301057,4.8828125e-5,0.03331641201042392
0.6897785379387658,3.5349811050301057,4.8828125e-5,0.03331641201042392
0.8002502278161051,3.5349811050301057,4.8828125e-5,0.03331641201042392
0.9284145445194745,3.5349811050301057,4.8828125e-5,0.03331641201042392
1.0771050560367692,3.5349811050301057,4.8828125e-5,0.03331641201042392
1.2496091412919867,3.5349811050301057,4.8828125e-5,0.03331641201042392
1.4497406703726323,3.5349811050301057,4.8828125e-5,0.03331641201042392
1.6819243248808697,3.5349811050301057,4.8828125e-5,0.03331641201042392
1.9512934226359633,3.5349811050301057,4.8828125e-5,0.03331641201042392
10.0,3.5349811050301057,0.00078125,0.00832910300260598
2.2638034095214477,3.5349811050301057,4.8828125e-5,0.03331641201042392
2.6263635276533326,3.5349811050301057,4.8828125e-5,0.03331641201042392
3.046989570903508,3.5349811050301057,4.8828125e-5,0.03331641201042392
3.5349811050301057,3.5349811050301057,4.8828125e-5,0.03331641201042392
4.1011270705513,3.5349811050301057,4.8828125e-5,0.03331641201042392
4.7579443140094115,3.5349811050301057,4.8828125e-5,0.03331641201042392
5.5199543212815705,3.5349811050301057,0.00078125,0.00416455150130299
6.404004271197279,3.5349811050301057,4.8828125e-5,0.03331641201042392
7.429639507594946,3.5349811050301057,0.00078125,0.00832910300260598
8.619535664753032,3.5349811050301057,0.00078125,0.00832910300260598
0.11601553017399716,4.1011270705513,4.8828125e-5,0.038652212028846576
0.13459603241553642,4.1011270705513,4.8828125e-5,0.038652212028846576
0.15615230060004973,4.1011270705513,4.8828125e-5,0.038652212028846576
0.18116091942004142,4.1011270705513,4.8828125e-5,0.038652212028846576
0.1,4.1011270705513,4.8828125e-5,0.038652212028846576
0.21017480113324882,4.1011270705513,4.8828125e-5,0.038652212028846576
0.2438354098268829,4.1011270705513,4.8828125e-5,0.038652212028846576
0.28288694346259696,4.1011270705513,4.8828125e-5,0.038652212028846576
0.3281927872511474,4.1011270705513,4.8828125e-5,0.038652212028846576
0.3807546021222372,4.1011270705513,4.8828125e-5,0.038652212028846576
0.4417344703140069,4.1011270705513,4.8828125e-5,0.038652212028846576
0.5124805876960934,4.1011270705513,4.8828125e-5,0.038652212028846576
0.5945570708544391,4.1011270705513,4.8828125e-5,0.038652212028846576
0.6897785379387658,4.1011270705513,4.8828125e-5,0.038652212028846576
0.8002502278161051,4.1011270705513,4.8828125e-5,0.038652212028846576
0.9284145445194745,4.1011270705513,4.8828125e-5,0.038652212028846576
1.0771050560367692,4.1011270705513,4.8828125e-5,0.038652212028846576
1.2496091412919867,4.1011270705513,4.8828125e-5,0.038652212028846576
1.4497406703726323,4.1011270705513,4.8828125e-5,0.038652212028846576
1.6819243248808697,4.1011270705513,4.8828125e-5,0.038652212028846576
1.9512934226359633,4.1011270705513,4.8828125e-5,0.038652212028846576
10.0,4.1011270705513,0.00078125,0.009663053007211644
2.2638034095214477,4.1011270705513,4.8828125e-5,0.038652212028846576
2.6263635276533326,4.1011270705513,4.8828125e-5,0.038652212028846576
3.046989570903508,4.1011270705513,4.8828125e-5,0.038652212028846576
3.5349811050301057,4.1011270705513,4.8828125e-5,0.038652212028846576
4.1011270705513,4.1011270705513,4.8828125e-5,0.038652212028846576
4.7579443140094115,4.1011270705513,4.8828125e-5,0.038652212028846576
5.5199543212815705,4.1011270705513,0.00078125,0.004831526503605822
6.404004271197279,4.1011270705513,4.8828125e-5,0.038652212028846576
7.429639507594946,4.1011270705513,0.00078125,0.009663053007211644
8.619535664753032,4.1011270705513,4.8828125e-5,0.038652212028846576
0.11601553017399716,4.7579443140094115,4.8828125e-5,0.044842568709243885
0.13459603241553642,4.7579443140094115,4.8828125e-5,0.044842568709243885
0.15615230060004973,4.7579443140094115,4.8828125e-5,0.044842568709243885
0.18116091942004142,4.7579443140094115,4.8828125e-5,0.044842568709243885
0.1,4.7579443140094115,4.8828125e-5,0.044842568709243885
0.21017480113324882,4.7579443140094115,4.8828125e-5,0.044842568709243885
0.2438354098268829,4.7579443140094115,4.8828125e-5,0.044842568709243885
0.28288694346259696,4.7579443140094115,4.8828125e-5,0.044842568709243885
0.3281927872511474,4.7579443140094115,4.8828125e-5,0.044842568709243885
0.3807546021222372,4.7579443140094115,4.8828125e-5,0.044842568709243885
0.4417344703140069,4.7579443140094115,4.8828125e-5,0.044842568709243885
0.5124805876960934,4.7579443140094115,4.8828125e-5,0.044842568709243885
0.5945570708544391,4.7579443140094115,4.8828125e-5,0.044842568709243885
0.6897785379387658,4.7579443140094115,4.8828125e-5,0.044842568709243885
0.8002502278161051,4.7579443140094115,4.8828125e-5,0.044842568709243885
0.9284145445194745,4.7579443140094115,4.8828125e-5,0.044842568709243885
1.0771050560367692,4.7579443140094115,4.8828125e-5,0.044842568709243885
1.2496091412919867,4.7579443140094115,4.8828125e-5,0.044842568709243885
1.4497406703726323,4.7579443140094115,4.8828125e-5,0.044842568709243885
1.6819243248808697,4.7579443140094115,4.8828125e-5,0.044842568709243885
1.9512934226359633,4.7579443140094115,4.8828125e-5,0.044842568709243885
10.0,4.7579443140094115,0.00078125,0.011210642177310971
2.2638034095214477,4.7579443140094115,4.8828125e-5,0.044842568709243885
2.6263635276533326,4.7579443140094115,4.8828125e-5,0.044842568709243885
3.046989570903508,4.7579443140094115,4.8828125e-5,0.044842568709243885
3.5349811050301057,4.7579443140094115,4.8828125e-5,0.044842568709243885
4.1011270705513,4.7579443140094115,4.8828125e-5,0.044842568709243885
4.7579443140094115,4.7579443140094115,4.8828125e-5,0.044842568709243885
5.5199543212815705,4.7579443140094115,4.8828125e-5,0.044842568709243885
6.404004271197279,4.7579443140094115,4.8828125e-5,0.044842568709243885
7.429639507594946,4.7579443140094115,0.00078125,0.011210642177310971
8.619535664753032,4.7579443140094115,4.8828125e-5,0.044842568709243885
0.11601553017399716,5.5199543212815705,4.8828125e-5,0.05202434383166824
0.13459603241553642,5.5199543212815705,4.8828125e-5,0.05202434383166824
0.15615230060004973,5.5199543212815705,4.8828125e-5,0.05202434383166824
0.18116091942004142,5.5199543212815705,4.8828125e-5,0.05202434383166824
0.1,5.5199543212815705,4.8828125e-5,0.05202434383166824
0.21017480113324882,5.5199543212815705,4.8828125e-5,0.05202434383166824
0.2438354098268829,5.5199543212815705,4.8828125e-5,0.05202434383166824
0.28288694346259696,5.5199543212815705,4.8828125e-5,0.05202434383166824
0.3281927872511474,5.5199543212815705,4.8828125e-5,0.05202434383166824
0.3807546021222372,5.5199543212815705,4.8828125e-5,0.05202434383166824
0.4417344703140069,5.5199543212815705,4.8828125e-5,0.05202434383166824
0.5124805876960934,5.5199543212815705,4.8828125e-5,0.05202434383166824
0.5945570708544391,5.5199543212815705,4.8828125e-5,0.05202434383166824
0.6897785379387658,5.5199543212815705,4.8828125e-5,0.05202434383166824
0.8002502278161051,5.5199543212815705,4.8828125e-5,0.05202434383166824
0.9284145445194745,5.5199543212815705,4.8828125e-5,0.05202434383166824
1.0771050560367692,5.5199543212815705,4.8828125e-5,0.05202434383166824
1.2496091412919867,5.5199543212815705,4.8828125e-5,0.05202434383166824
1.4497406703726323,5.5199543212815705,4.8828125e-5,0.05202434383166824
1.6819243248808697,5.5199543212815705,4.8828125e-5,0.05202434383166824
1.9512934226359633,5.5199543212815705,4.8828125e-5,0.05202434383166824
10.0,5.5199543212815705,0.00078125,0.01300608595791706
2.2638034095214477,5.5199543212815705,4.8828125e-5,0.05202434383166824
2.6263635276533326,5.5199543212815705,4.8828125e-5,0.05202434383166824
3.046989570903508,5.5199543212815705,4.8828125e-5,0.05202434383166824
3.5349811050301057,5.5199543212815705,4.8828125e-5,0.05202434383166824
4.1011270705513,5.5199543212815705,4.8828125e-5,0.05202434383166824
4.7579443140094115,5.5199543212815705,4.8828125e-5,0.05202434383166824
5.5199543212815705,5.5199543212815705,4.8828125e-5,0.05202434383166824
6.404004271197279,5.5199543212815705,4.8828125e-5,0.05202434383166824
7.429639507594946,5.5199543212815705,4.8828125e-5,0.05202434383166824
8.619535664753032,5.5199543212815705,4.8828125e-5,0.05202434383166824
0.11601553017399716,6.404004271197279,4.8828125e-5,0.060356318315853086
0.13459603241553642,6.404004271197279,4.8828125e-5,0.060356318315853086
0.15615230060004973,6.404004271197279,4.8828125e-5,0.060356318315853086
0.18116091942004142,6.404004271197279,4.8828125e-5,0.060356318315853086
0.1,6.404004271197279,4.8828125e-5,0.060356318315853086
0.21017480113324882,6.404004271197279,4.8828125e-5,0.060356318315853086
0.2438354098268829,6.404004271197279,4.8828125e-5,0.060356318315853086
0.28288694346259696,6.404004271197279,4.8828125e-5,0.060356318315853086
0.3281927872511474,6.404004271197279,4.8828125e-5,0.060356318315853086
0.3807546021222372,6.404004271197279,4.8828125e-5,0.060356318315853086
0.4417344703140069,6.404004271197279,4.8828125e-5,0.060356318315853086
0.5124805876960934,6.404004271197279,4.8828125e-5,0.060356318315853086
0.5945570708544391,6.404004271197279,4.8828125e-5,0.060356318315853086
0.6897785379387658,6.404004271197279,4.8828125e-5,0.060356318315853086
0.8002502278161051,6.404004271197279,4.8828125e-5,0.060356318315853086
0.9284145445194745,6.404004271197279,4.8828125e-5,0.060356318315853086
1.0771050560367692,6.404004271197279,4.8828125e-5,0.060356318315853086
1.2496091412919867,6.404004271197279,4.8828125e-5,0.060356318315853086
1.4497406703726323,6.404004271197279,4.8828125e-5,0.060356318315853086
1.6819243248808697,6.404004271197279,4.8828125e-5,0.060356318315853086
1.9512934226359633,6.404004271197279,4.8828125e-5,0.060356318315853086
10.0,6.404004271197279,4.8828125e-5,0.060356318315853086
2.2638034095214477,6.404004271197279,4.8828125e-5,0.060356318315853086
2.6263635276533326,6.404004271197279,4.8828125e-5,0.060356318315853086
3.046989570903508,6.404004271197279,4.8828125e-5,0.060356318315853086
3.5349811050301057,6.404004271197279,4.8828125e-5,0.060356318315853086
4.1011270705513,6.404004271197279,4.8828125e-5,0.060356318315853086
4.7579443140094115,6.404004271197279,4.8828125e-5,0.060356318315853086
5.5199543212815705,6.404004271197279,4.8828125e-5,0.060356318315853086
6.404004271197279,6.404004271197279,4.8828125e-5,0.060356318315853086
7.429639507594946,6.404004271197279,4.8828125e-5,0.060356318315853086
8.619535664753032,6.404004271197279,4.8828125e-5,0.060356318315853086
0.11601553017399716,7.429639507594946,4.8828125e-5,0.07002270268764232
0.13459603241553642,7.429639507594946,4.8828125e-5,0.07002270268764232
0.15615230060004973,7.429639507594946,4.8828125e-5,0.07002270268764232
0.18116091942004142,7.429639507594946,4.8828125e-5,0.07002270268764232
0.1,7.429639507594946,4.8828125e-5,0.07002270268764232
0.21017480113324882,7.429639507594946,4.8828125e-5,0.07002270268764232
0.2438354098268829,7.429639507594946,4.8828125e-5,0.07002270268764232
0.28288694346259696,7.429639507594946,4.8828125e-5,0.07002270268764232
0.3281927872511474,7.429639507594946,4.8828125e-5,0.07002270268764232
0.3807546021222372,7.429639507594946,4.8828125e-5,0.07002270268764232
0.4417344703140069,7.429639507594946,4.8828125e-5,0.07002270268764232
0.5124805876960934,7.429639507594946,4.8828125e-5,0.07002270268764232
0.5945570708544391,7.429639507594946,4.8828125e-5,0.07002270268764232
0.6897785379387658,7.429639507594946,4.8828125e-5,0.07002270268764232
0.8002502278161051,7.429639507594946,4.8828125e-5,0.07002270268764232
0.9284145445194745,7.429639507594946,4.8828125e-5,0.07002270268764232
1.0771050560367692,7.429639507594946,4.8828125e-5,0.07002270268764232
1.2496091412919867,7.429639507594946,4.8828125e-5,0.07002270268764232
1.4497406703726323,7.429639507594946,4.8828125e-5,0.07002270268764232
1.6819243248808697,7.429639507594946,4.8828125e-5,0.07002270268764232
1.9512934226359633,7.429639507594946,4.8828125e-5,0.07002270268764232
10.0,7.429639507594946,4.8828125e-5,0.07002270268764232
2.2638034095214477,7.429639507594946,4.8828125e-5,0.07002270268764232
2.6263635276533326,7.429639507594946,4.8828125e-5,0.07002270268764232
3.046989570903508,7.429639507594946,4.8828125e-5,0.07002270268764232
3.5349811050301057,7.429639507594946,4.8828125e-5,0.07002270268764232
4.1011270705513,7.429639507594946,4.8828125e-5,0.07002270268764232
4.7579443140094115,7.429639507594946,4.8828125e-5,0.07002270268764232
5.5199543212815705,7.429639507594946,4.8828125e-5,0.07002270268764232
6.404004271197279,7.429639507594946,4.8828125e-5,0.07002270268764232
7.429639507594946,7.429639507594946,4.8828125e-5,0.07002270268764232
8.619535664753032,7.429639507594946,4.8828125e-5,0.07002270268764232
0.11601553017399716,8.619535664753032,4.8828125e-5,0.08123720976523002
0.13459603241553642,8.619535664753032,4.8828125e-5,0.08123720976523002
0.15615230060004973,8.619535664753032,4.8828125e-5,0.08123720976523002
0.18116091942004142,8.619535664753032,4.8828125e-5,0.08123720976523002
0.1,8.619535664753032,4.8828125e-5,0.08123720976523002
0.21017480113324882,8.619535664753032,4.8828125e-5,0.08123720976523002
0.2438354098268829,8.619535664753032,4.8828125e-5,0.08123720976523002
0.28288694346259696,8.619535664753032,4.8828125e-5,0.08123720976523002
0.3281927872511474,8.619535664753032,4.8828125e-5,0.08123720976523002
0.3807546021222372,8.619535664753032,4.8828125e-5,0.08123720976523002
0.4417344703140069,8.619535664753032,4.8828125e-5,0.08123720976523002
0.5124805876960934,8.619535664753032,4.8828125e-5,0.08123720976523002
0.5945570708544391,8.619535664753032,4.8828125e-5,0.08123720976523002
0.6897785379387658,8.619535664753032,4.8828125e-5,0.08123720976523002
0.8002502278161051,8.619535664753032,4.8828125e-5,0.08123720976523002
0.9284145445194745,8.619535664753032,4.8828125e-5,0.08123720976523002
1.0771050560367692,8.619535664753032,4.8828125e-5,0.08123720976523002
1.2496091412919867,8.619535664753032,4.8828125e-5,0.08123720976523002
1.4497406703726323,8.619535664753032,4.8828125e-5,0.08123720976523002
1.6819243248808697,8.619535664753032,4.8828125e-5,0.08123720976523002
1.9512934226359633,8.619535664753032,4.8828125e-5,0.08123720976523002
10.0,8.619535664753032,4.8828125e-5,0.08123720976523002
2.2638034095214477,8.619535664753032,4.8828125e-5,0.08123720976523002
2.6263635276533326,8.619535664753032,4.8828125e-5,0.08123720976523002
3.046989570903508,8.619535664753032,4.8828125e-5,0.08123720976523002
3.5349811050301057,8.619535664753032,4.8828125e-5,0.08123720976523002
4.1011270705513,8.619535664753032,4.8828125e-5,0.08123720976523002
4.7579443140094115,8.619535664753032,4.8828125e-5,0.08123720976523002
5.5199543212815705,8.619535664753032,4.8828125e-5,0.08123720976523002
6.404004271197279,8.619535664753032,4.8828125e-5,0.08123720976523002
7.429639507594946,8.619535664753032,4.8828125e-5,0.08123720976523002
8.619535664753032,8.619535664753032,4.8828125e-5,0.08123720976523002
